Catalog Number - USNM,Kind of Object,Special Collections,Specimen Count,Identification,Other Identifications,Name Hierarchy,Type Status,Type Citations,Order,Family,Subfamily,Date Collected,Ocean,Sea/Gulf,Archipelago,Island Grouping,Island Name,Continent,Country,Province/State,District/County,Precise Locality,Centroid Latitude,Centroid Longitude,Collector(s),Field Number(s),Other Numbers (Type : Value),Vessel,Cruise,Station,Expedition,Collection Method,Depth (m),Source of Sample,Preparation Details (Preparation:Location:Count),Measurements,Notes,Accession Number,Genetic Sample Type,Biorepository Number,Specimen Voucher Number,Bold ID,GenBank Numbers,Preservation Method,Embargo?,Depleted?,Record Last Modified,EZID
"57958","Specimen/Lot","",1,"Abudefduf lorenzi Hensley & Allen","","Abudefduf lorenzi Hensley & Allen : Pomacentridae : Perciformes : Actinopterygii : Chordata","","","Perciformes","Pomacentridae","",,"Pacific","","","","","","Philippines","","","Zamboanga, Philippines","","","Mearns, E. A.","","","","","","","","","",,,"","046985","","","","","","","","","13 May 2019 18:49:00","http://n2t.net/ark:/65665/30593f114-6f93-4682-994a-b110cd3ca257"
"57980","Specimen/Lot","",3,"Abudefduf saxatilis","","Abudefduf saxatilis : Pomacentridae : Perciformes : Actinopterygii : Chordata","","","Perciformes","Pomacentridae","",,"Pacific","","","","","","Philippines","","","Zamboanga, Philippines","","","Mearns, E. A.","","","","","","","","","","Dry Osteological Specimen::1",,"Pharyngeal bone preserved separately","046985","","","","","","","","","13 May 2019 18:49:00","http://n2t.net/ark:/65665/36fe06f37-4961-46a9-831b-094977c07584"
"57917","Specimen/Lot","",3,"Acanthurus","","Acanthurus : Acanthuridae : Perciformes : Actinopterygii : Chordata","","","Perciformes","Acanthuridae","",,"Pacific","","","","","","Philippines","","","Zamboanga, Philippines","","","Mearns, E. A.","","","","","","","","","",,,"","046983","","","","","","","","","13 May 2019 18:49:00","http://n2t.net/ark:/65665/3b8a33914-58bf-4d7d-bfd1-e824934e9bd7"
"57951","Specimen/Lot","",6,"Acanthurus","","Acanthurus : Acanthuridae : Perciformes : Actinopterygii : Chordata","","","Perciformes","Acanthuridae","",,"Pacific","","","","","","Philippines","","","Zamboanga, Philippines","","","Mearns, E. A.","","","","","","","","","",,,"","046985","","","","","","","","","13 May 2019 18:49:00","http://n2t.net/ark:/65665/301395455-7a20-476f-a8e9-1d0eb171d778"
"55626","Specimen/Lot","",1,"Acanthurus","","Acanthurus : Acanthuridae : Perciformes : Actinopterygii : Chordata","","","Perciformes","Acanthuridae","","1904 (1904 00 00 - 0000 00 00)","Pacific","","","","Mindanao","","Philippines","","","Phiippine Islands: Zamboanga, Mindanao","","","Mearns, E. A.","","","","","","","","","",,,"","","","","","","","","","","13 May 2019 18:49:00","http://n2t.net/ark:/65665/3667f1794-5fcf-4290-8118-fe3a8b50ee15"
"57998","Specimen/Lot","",1,"Acanthurus mata","","Acanthurus mata : Acanthuridae : Perciformes : Actinopterygii : Chordata","","","Perciformes","Acanthuridae","",,"Pacific","","","","","","Philippines","","","Zamboanga, Philippines","","","Mearns, E. A.","","","","","","","","","",":Tank 06:1",,"","046985","","","","","","","","","13 May 2019 18:49:00","http://n2t.net/ark:/65665/359a461ac-b2c2-4424-9b9f-a2b462876b20"
"55630","Specimen/Lot","",1,"Acanthurus xanthopterus","","Acanthurus xanthopterus : Acanthuridae : Perciformes : Actinopterygii : Chordata","","","Perciformes","Acanthuridae","",,"Pacific","","","","","","Philippines","","","Jolo, P.I.","","","Mearns, E. A.","","","","","","","","","",,,"","","","","","","","","","","13 May 2019 18:49:00","http://n2t.net/ark:/65665/31c5cc5f7-d1fd-4fdf-b3d5-363edac9362e"
"58005","Specimen/Lot","",1,"Alectis indica","","Alectis indica : Carangidae : Perciformes : Actinopterygii : Chordata","","","Perciformes","Carangidae","",,"Pacific","","","","","","Philippines","","","Zamboanga, Philippines","","","Mearns, E. A.","","","","","","","","","",,,"","046985","","","","","","","","","13 May 2019 18:49:00","http://n2t.net/ark:/65665/35b004cb7-6987-4e0d-b0d1-b679cd230df6"
"57995","Specimen/Lot","",4,"Anguilla marmorata","","Anguilla marmorata : Anguillidae : Anguilliformes : Actinopterygii : Chordata","","","Anguilliformes","Anguillidae","",,"","","","","Mindanao","Asia","Philippines","Zamboanga del Sur","","Zamboanga, P. I.","","","Mearns, E. A.","","Tin Tag : 937; Tin Tag : 938; Tin Tag : 939; Tin Tag : 980","","","","","","","",,,"TT 937, 938, 939, 980","046985","","","","","","","","","13 May 2019 18:49:00","http://n2t.net/ark:/65665/31e7edf2b-a97d-4c37-8d49-414a4fe40eb2"
"57964","Specimen/Lot","",1,"Apogon","","Apogon : Apogonidae : Perciformes : Actinopterygii : Chordata","","","Perciformes","Apogonidae","Apogoninae",,"Pacific","","","","","","Philippines","","","Zamboanga, Philippines","","","Mearns, E. A.","","","","","","","","","","Radiograph::1",,"","046985","","","","","","","","","13 May 2019 18:49:00","http://n2t.net/ark:/65665/390c11ef6-d006-4daa-b2a7-32adc07f53d7"
"RAD 105127","Image","Radiograph Collection",1,"Apogon","","Apogon : Apogonidae : Perciformes : Actinopterygii : Chordata","","","Perciformes","Apogonidae","Apogoninae",,"Pacific","","","","","","Philippines","","","Zamboanga, Philippines","","","Mearns, E. A.","","Catalog Number : USNM 57964","","","","","","","","Acetate:MSC:1",,"","2078776","","","","","","","","","13 May 2019 18:49:00","http://n2t.net/ark:/65665/38c5066a2-37cb-4d54-b669-08c6f34bbf72"
"57944","Specimen/Lot","",5,"Archamia macroptera","","Archamia macroptera : Apogonidae : Perciformes : Actinopterygii : Chordata","","","Perciformes","Apogonidae","Apogoninae",,"Pacific","","","","","","Philippines","","","Zamboanga, Philippines","","","Mearns, E. A.","","","","","","","","","",,,"","000000","","","","","","","","","13 May 2019 18:49:00","http://n2t.net/ark:/65665/3d0edbaa8-ce11-48ae-98c3-73de664633ee"
"57936","Specimen/Lot","",2,"Arothron immaculatus","Tetraodon immaculatus","Arothron immaculatus : Tetraodontidae : Tetraodontiformes : Actinopterygii : Chordata","","","Tetraodontiformes","Tetraodontidae","Tetraodontinae",,"Pacific","","","","","","Philippines","","","Philippine Islands","","","Mearns, E. A.","","","","","","","","","",,,"","046983","","","","","","","","","13 May 2019 18:49:00","http://n2t.net/ark:/65665/31f9c9362-355e-4d26-b7ff-8fb4db7ce23e"
"57950","Specimen/Lot","",1,"Arothron manilensis","Tetraodon immaculatus","Arothron manilensis : Tetraodontidae : Tetraodontiformes : Actinopterygii : Chordata","","","Tetraodontiformes","Tetraodontidae","Tetraodontinae","1906","Pacific","","","","Mindanao","","Philippines","","","Philippine Islands: Zamboanga, Mindanao","","","Mearns, E. A.","","","","","","","","","",,,"","046985","","","","","","","","","13 May 2019 18:49:00","http://n2t.net/ark:/65665/382aaef18-a25c-4684-8601-f1f85f15b603"
"57973","Specimen/Lot","",2,"Arothron reticularis","Tetraodon reticularis","Arothron reticularis : Tetraodontidae : Tetraodontiformes : Actinopterygii : Chordata","","","Tetraodontiformes","Tetraodontidae","Tetraodontinae",,"Pacific","","","","","","Philippines","","","Zamboanga, Philippines","","","Mearns, E. A.","","","","","","","","","",,,"Juvenile. Identification needs to be verified.","046985","","","","","","","","","13 May 2019 18:49:00","http://n2t.net/ark:/65665/3f4fe26ba-727b-45ce-ad96-85eddeafa6d3"
"57963","Specimen/Lot","",81,"Atherinomorus","","Atherinomorus : Atherinidae : Atheriniformes : Actinopterygii : Chordata","","","Atheriniformes","Atherinidae","Atherininae",,"Pacific","","","","","","Philippines","","","Zamboanga, Philippines","","","Mearns, E. A.","","","","","","","","","",,,"Counted aug. 1922, symbol of infinity is under the count, also a label in the jar identifies these fish as pranesus except large ones","046985","","","","","","","","","13 May 2019 18:49:00","http://n2t.net/ark:/65665/317044ece-02f4-49e5-ad1a-6adec841d905"
"134279","Specimen/Lot","",2,"Atherinomorus lacunosus","","Atherinomorus lacunosus : Atherinidae : Atheriniformes : Actinopterygii : Chordata","","","Atheriniformes","Atherinidae","Atherininae",,"Pacific","","","","","","Philippines","","","Philippine Islands","","","Mearns, E. A.","","","","","","","","","",,,"Out of 57938","046983","","","","","","","","","13 May 2019 18:49:00","http://n2t.net/ark:/65665/3cb1d8ac3-4469-469b-a391-54411e372d58"
"73875","Specimen/Lot","Oversize Jar",1,"Balistoides viridescens","Balistes flavimarginatus","Balistoides viridescens : Balistidae : Tetraodontiformes : Actinopterygii : Chordata","","","Tetraodontiformes","Balistidae","",,"Pacific","","","","","","Philippines","","","Philippine Islands","","","Mearns, E. A.","","","","","","","","","",":MSC - Oh My Collection",,"","046985","","","","","","","","","13 May 2019 18:49:00","http://n2t.net/ark:/65665/3a837c3dd-7567-45da-acda-b53c04ca17ef"
"57840","Specimen/Lot","Types",1,"Barbus quinquemaculatus","","Barbus quinquemaculatus : Cyprinidae : Cypriniformes : Actinopterygii : Chordata","Type","","Cypriniformes","Cyprinidae","",,"","","","","Mindanao","Asia","Philippines","Zamboanga del Sur","","Zamboanga, P. I.","","","Mearns, E. A.","","","","","","","","","",,,"85a","000000","","","","","","","","","13 May 2019 18:49:00","http://n2t.net/ark:/65665/3ed2fae02-211e-4fce-9c20-eee6ed9d07e5"
"61155","Specimen/Lot","",6,"Barbus quinquemaculatus","","Barbus quinquemaculatus : Cyprinidae : Cypriniformes : Actinopterygii : Chordata","","","Cypriniformes","Cyprinidae","",,"","","","","Mindanao","Asia","Philippines","Zamboanga del Sur","","Zamboanga, P. I.","","","Mearns, E. A.","","","","","","","","","",,,"Acc. no. 46983 & 5.","046983","","","","","","","","","13 May 2019 18:49:00","http://n2t.net/ark:/65665/3f4e113d3-4fcf-45fe-9463-bd5f45a19c70"
"61156","Specimen/Lot","",25,"Barbus quinquemaculatus","","Barbus quinquemaculatus : Cyprinidae : Cypriniformes : Actinopterygii : Chordata","","","Cypriniformes","Cyprinidae","",,"Pacific","","","","","","Philippines","","","Int. Malindang, P.I.","","","Mearns, E. A.","","","","","","","","","",,,"Acc. no. 46983 & 5.","046983","","","","","","","","","13 May 2019 18:49:00","http://n2t.net/ark:/65665/329923438-945a-476f-97a3-872eed75c7c9"
"61157","Specimen/Lot","",45,"Barbus quinquemaculatus","","Barbus quinquemaculatus : Cyprinidae : Cypriniformes : Actinopterygii : Chordata","","","Cypriniformes","Cyprinidae","",,"","","","","Mindanao","Asia","Philippines","Zamboanga del Sur","","Zamboanga, P. I.","","","Mearns, E. A.","","","","","","","","","",,,"Acc. no. 46983 & 5.","046983","","","","","","","","","13 May 2019 18:49:00","http://n2t.net/ark:/65665/36ca4e702-a687-47ca-b7be-9787d767806e"
"57921","Specimen/Lot","",11,"Bathygobius cyclopterus","Mapo fuscus","Bathygobius cyclopterus : Gobiidae : Perciformes : Actinopterygii : Chordata","","","Perciformes","Gobiidae","Gobiinae",,"Pacific","","","","","","Philippines","","","Philippine Islands","","","Mearns, E. A.","","","","","","","","","",,,"","046985","","","","","","","","","13 May 2019 18:49:00","http://n2t.net/ark:/65665/3ebd48198-7ca1-4792-8b86-2ad193aba21d"
"57927","Specimen/Lot","",2,"Bathygobius fuscus","","Bathygobius fuscus : Gobiidae : Perciformes : Actinopterygii : Chordata","","","Perciformes","Gobiidae","Gobiinae",,"Pacific","","","","","","Philippines","","","Philippine Islands","","","Mearns, E. A.","","","","","","","","","",,,"","046983","","","","","","","","","13 May 2019 18:49:00","http://n2t.net/ark:/65665/3f14dc387-2c4b-41fe-a47a-ce74e238a01e"
"57914","Specimen/Lot","",2,"Bodianus bilunulatus bilunulatus","","Bodianus bilunulatus bilunulatus : Labridae : Perciformes : Actinopterygii : Chordata","","","Perciformes","Labridae","","1906","Pacific","","","","Mindanao","","Philippines","","","Philippine Islands: Zamboanga, Mindanao","","","Mearns, E. A.","","","","","","","","","",,,"","046983","","","","","","","","","13 May 2019 18:49:00","http://n2t.net/ark:/65665/36af487e1-b938-4d96-99de-d27634c37dfe"
"RAD 117131","Image","Radiograph Collection",1,"Bodianus bilunulatus bilunulatus","","Bodianus bilunulatus bilunulatus : Labridae : Perciformes : Actinopterygii : Chordata","","","Perciformes","Labridae","","1906","Pacific","","","","Mindanao","","Philippines","","","Philippine Islands: Zamboanga, Mindanao","","","Mearns, E. A.","","Catalog Number : USNM 57914","","","","","","","","Polyester:MSC:1",,"","2078776","","","","","","","","","13 May 2019 18:49:00","http://n2t.net/ark:/65665/314b07ab5-ec2b-4876-ac37-4134247d135c"
"58036","Specimen/Lot","",1,"Caesio cuning","","Caesio cuning : Caesionidae : Perciformes : Actinopterygii : Chordata","","","Perciformes","Caesionidae","","Aug 1906 (1906 Aug 00 - 0000 00 00)","Pacific","","Philippine Archipelago","","","","Philippines","","","Zamboanga, Philippine Islands","","","Mearns, E. A.","","","","","","","","","",,,"","046985","","","","","","","","","13 May 2019 18:49:00","http://n2t.net/ark:/65665/3942b6a04-5065-4a1b-bb0e-805caba6f02c"
"58038","Specimen/Lot","",1,"Caesio lunaris","","Caesio lunaris : Caesionidae : Perciformes : Actinopterygii : Chordata","","","Perciformes","Caesionidae","",,"Pacific","","","","","","Philippines","","","Zamboanga, Philippines","","","Mearns, E. A.","","","","","","","","","",,,"","046985","","","","","","","","","13 May 2019 18:49:00","http://n2t.net/ark:/65665/3a98b03f5-c854-4b85-8020-1f1f52d70c18"
"57845","Specimen/Lot","Types",1,"Callyodon latifasciatus","","Callyodon latifasciatus : Scaridae : Perciformes : Actinopterygii : Chordata","Type","Seale, A. & Bean, B. A. 1907. Proceedings of the United States National Museum. 33 (1568): 237, fig. 7.","Perciformes","Scaridae","Scarinae",,"Pacific","","","","","","Philippines","","","Zamboanga, Philippines","","","Mearns, E. A.","","","","","","","","","","Illustration::1",,"219","000000","","","","","","","","","13 May 2019 18:49:00","http://n2t.net/ark:/65665/376c2b931-8847-4f55-a089-5773e6dc9640"
"61152","Specimen/Lot","Types",1,"Callyodon latifasciatus","","Callyodon latifasciatus : Scaridae : Perciformes : Actinopterygii : Chordata","Paratype","Seale, A. & Bean, B. A. 1907. Proceedings of the United States National Museum. 33 (1568): 237, fig. 7.","Perciformes","Scaridae","Scarinae",,"Pacific","","","","","","Philippines","","","Zamboanga, Philippines","","","Mearns, E. A.","","","","","","","","","","Illustration::1",,"","046983","","","","","","","","","13 May 2019 18:49:00","http://n2t.net/ark:/65665/38e89a17f-546b-4ef4-9c59-624abb22f4ff"
"RAD 112626","Image","Radiograph Collection",1,"Callyodon latifasciatus","","Callyodon latifasciatus : Scaridae : Perciformes : Actinopterygii : Chordata","","","Perciformes","Scaridae","Scarinae",,"Pacific","","","","","","Philippines","","","Zamboanga, Philippines","","","Mearns, E. A.","","Catalog Number : USNM 57845","","","","","","","","Acetate:MSC:1",,"Radiograph is of a holotype; The Smithsonian NMNH Division of Fishes uses the convention of maintaining the original species name for type specimens designated at the time of description. The currently accepted name for this species is Scarus tricolor.","2078776","","","","","","","","","13 May 2019 18:49:00","http://n2t.net/ark:/65665/380f23b04-1734-4005-9303-17f8ef949dbb"
"RAD 112630","Image","Radiograph Collection",1,"Callyodon latifasciatus","","Callyodon latifasciatus : Scaridae : Perciformes : Actinopterygii : Chordata","","","Perciformes","Scaridae","Scarinae",,"Pacific","","","","","","Philippines","","","Zamboanga, Philippines","","","Mearns, E. A.","","Catalog Number : USNM 61152","","","","","","","","Acetate:MSC:1",,"Radiograph is of a paratype; The Smithsonian NMNH Division of Fishes uses the convention of maintaining the original species name for type specimens designated at the time of description. The currently accepted name for this species is Scarus tricolor.","2078776","","","","","","","","","13 May 2019 18:49:00","http://n2t.net/ark:/65665/37937df49-3d8a-49ee-bc68-039b8be44258"
"57972","Specimen/Lot","",1,"Canthigaster compressa","","Canthigaster compressa : Tetraodontidae : Tetraodontiformes : Actinopterygii : Chordata","","","Tetraodontiformes","Tetraodontidae","Canthigasterinae",,"Pacific","","","","","","Philippines","","","Zamboanga, Philippines","","","Mearns, E. A.","","","","","","","","","",,,"","046985","","","","","","","","","13 May 2019 18:49:00","http://n2t.net/ark:/65665/3569a8e06-c71f-48cb-98cd-99ddbbc02724"
"55627","Specimen/Lot","",1,"Canthigaster compressa","","Canthigaster compressa : Tetraodontidae : Tetraodontiformes : Actinopterygii : Chordata","","","Tetraodontiformes","Tetraodontidae","Canthigasterinae","1904 (1904 00 00 - 0000 00 00)","Pacific","","","","Mindanao","","Philippines","","","Phiippine Islands: Zamboanga, Mindanao","","","Mearns, E. A.","","","","","","","","","",,,"","","","","","","","","","","13 May 2019 18:49:00","http://n2t.net/ark:/65665/387f10ace-7e99-4bea-b1d7-25a30bffc949"
"58013","Specimen/Lot","",1,"Caranx sexfasciatus","","Caranx sexfasciatus : Carangidae : Perciformes : Actinopterygii : Chordata","","","Perciformes","Carangidae","",,"Pacific","","","","","","Philippines","","","Zamboanga, Philippines","","","Mearns, E. A.","","","","","","","","","",,,"The labels only ledgible year of collection information is ""190?"" The exact year is not known and there are currently no further field notes available. It is known that Mearns was in the Zamboanga area in 1904.","046985","","","","","","","","","13 May 2019 18:49:00","http://n2t.net/ark:/65665/39768ea1f-b929-4ef2-806d-b484d531ae82"
"57843","Specimen/Lot","Types",1,"Cephalopholis maculatus","","Cephalopholis maculatus : Serranidae : Perciformes : Actinopterygii : Chordata","Type","","Perciformes","Serranidae","Epinephelinae",,"Pacific","","","","","","Philippines","","","Zamboanga, Philippines","","","Mearns, E. A.","","","","","","","","","","Illustration::1",,"179 see 61153","000000","","","","","","","","","13 May 2019 18:49:00","http://n2t.net/ark:/65665/312196ab8-c627-405d-9eb3-8c7e9b89aa3a"
"61153","Specimen/Lot","Types",1,"Cephalopholis maculatus","","Cephalopholis maculatus : Serranidae : Perciformes : Actinopterygii : Chordata","Cotype","","Perciformes","Serranidae","Epinephelinae",,"Pacific","","","","","","Philippines","","","Zamboanga, Philippines","","","Mearns, E. A.","","","","","","","","","",,,"See 57843 (type spec.).","046983","","","","","","","","","13 May 2019 18:49:00","http://n2t.net/ark:/65665/3e9b8e97b-41f7-4e47-a6a1-441a56875c81"
"57984","Specimen/Lot","",1,"Cephalopholis sonnerati","","Cephalopholis sonnerati : Serranidae : Perciformes : Actinopterygii : Chordata","","","Perciformes","Serranidae","Epinephelinae",,"Pacific","","","","","","Philippines","","","Zamboanga, Philippines","","","Mearns, E. A.","","","","","","","","","",,,"","046985","","","","","","","","","13 May 2019 18:49:00","http://n2t.net/ark:/65665/3cc4daca8-5c3f-4928-9832-62c6a008c968"
"57985","Specimen/Lot","",1,"Cephalopholis sonnerati","","Cephalopholis sonnerati : Serranidae : Perciformes : Actinopterygii : Chordata","","","Perciformes","Serranidae","Epinephelinae",,"Pacific","","","","","","Philippines","","","Zamboanga, Philippines","","","Mearns, E. A.","","","","","","","","","",,,"","046985","","","","","","","","","13 May 2019 18:49:00","http://n2t.net/ark:/65665/3cbef4142-5b1f-445f-8018-fbd0072dd264"
"57991","Specimen/Lot","",1,"Cephalopholis urodeta","","Cephalopholis urodeta : Serranidae : Perciformes : Actinopterygii : Chordata","","","Perciformes","Serranidae","Epinephelinae",,"Pacific","","","","","","Philippines","","","Zamboanga, Philippines","","","Mearns, E. A.","","","","","","","","","",,,"","046985","","","","","","","","","13 May 2019 18:49:00","http://n2t.net/ark:/65665/3ac125e7a-9fd5-493e-8282-7764426ed1d3"
"55631","Specimen/Lot","",2,"Channa striata","Ophiocephalus striatus","Channa striata : Channidae : Perciformes : Actinopterygii : Chordata","","","Perciformes","Channidae","",,"Pacific","","","","","","Philippines","","","Siassi, Siassi Is., P.I.","","","Mearns, E. A.","","","","","","","","","",,,"","000000","","","","","","","","","13 May 2019 18:49:00","http://n2t.net/ark:/65665/36775a4d9-3dd3-4301-8500-9b2d7ab4a9ff"
"55602","Specimen/Lot","",1,"Chanos chanos","","Chanos chanos : Chanidae : Gonorynchiformes : Actinopterygii : Chordata","","","Gonorynchiformes","Chanidae","",,"","","","","Luzon","Asia","Philippines","National Capital Region","","Manila, P.I.","","","Mearns, E. A.","","","","","","","","","",,,"","000000","","","","","","","","","13 May 2019 18:49:00","http://n2t.net/ark:/65665/30a309ee6-cd57-40b5-9195-186d6a039712"
"58039","Specimen/Lot","",2,"Chanos chanos","","Chanos chanos : Chanidae : Gonorynchiformes : Actinopterygii : Chordata","","","Gonorynchiformes","Chanidae","",,"","","","","Mindanao","Asia","Philippines","Zamboanga del Sur","","Zamboanga, P. I.","","","Mearns, E. A.","","","","","","","","","",,,"","046985","","","","","","","","","13 May 2019 18:49:00","http://n2t.net/ark:/65665/3e9cdcc64-60e0-4fe2-bc6d-43e21508545c"
"58034","Specimen/Lot","",1,"Cheilinus chlorourus","","Cheilinus chlorourus : Labridae : Perciformes : Actinopterygii : Chordata","","","Perciformes","Labridae","","Aug 1906 (1906 Aug 00 - 0000 00 00)","Pacific","","Philippine Archipelago","","","","Philippines","","","Zamboanga, Philippine Islands","","","Mearns, E. A.","","","","","","","","","",,,"","046985","","","","","","","","","13 May 2019 18:49:00","http://n2t.net/ark:/65665/30d58bcd2-1b15-48df-be0f-0c17b0a616de"
"58035","Specimen/Lot","",1,"Cheilinus trilobatus","","Cheilinus trilobatus : Labridae : Perciformes : Actinopterygii : Chordata","","","Perciformes","Labridae","","Aug 1906 (1906 Aug 00 - 0000 00 00)","Pacific","","Philippine Archipelago","","","","Philippines","","","Zamboanga, Philippine Islands","","","Mearns, E. A.","","","","","","","","","",,,"","046985","","","","","","","","","13 May 2019 18:49:00","http://n2t.net/ark:/65665/3ba924414-2da9-4cce-8a8f-46ea9ea25388"
"57990","Specimen/Lot","",4,"Cheilio inermis","","Cheilio inermis : Labridae : Perciformes : Actinopterygii : Chordata","","","Perciformes","Labridae","",,"Pacific","","","","","","Philippines","","","Zamboanga, Philippines","","","Mearns, E. A.","","","","","","","","","",,,"","046985","","","","","","","","","13 May 2019 18:49:00","http://n2t.net/ark:/65665/3165596c5-091a-4ba6-bb52-da0ecdaaf7c2"
"58044","Specimen/Lot","",1,"Cheilopogon katoptron","Cypselurus pinnatibarbatus altipennis","Cheilopogon katoptron : Exocoetidae : Beloniformes : Actinopterygii : Chordata","","","Beloniformes","Exocoetidae","",,"Pacific","","","","","","Philippines","","","Zamboanga, Philippines","","","Mearns, E. A.","","","","","","","","","",,,"Re-identified by n.v.parin (feb. 1992)","046985","","","","","","","","","13 May 2019 18:49:00","http://n2t.net/ark:/65665/36e938842-76a2-4fa4-84f3-d419cef24964"
"55600","Specimen/Lot","",1,"Chelonodon patoca","Tetraodon immaculatus","Chelonodon patoca : Tetraodontidae : Tetraodontiformes : Actinopterygii : Chordata","","","Tetraodontiformes","Tetraodontidae","Tetraodontinae",,"","","","","Luzon","Asia","Philippines","National Capital Region","","Manila, P.I.","","","Mearns, E. A.","","","","","","","","","",,,"","045791","","","","","","","","","13 May 2019 18:49:00","http://n2t.net/ark:/65665/3da9cbfa2-8f07-487b-8711-eedf394b9417"
"57901","Specimen/Lot","",8,"Chelonodon patoca","Tetraodon patoca","Chelonodon patoca : Tetraodontidae : Tetraodontiformes : Actinopterygii : Chordata","","","Tetraodontiformes","Tetraodontidae","Tetraodontinae",,"Pacific","","","","","","Philippines","","","Philippine Islands","","","Mearns, E. A.","","","","","","","","","",,,"","046983","","","","","","","","","13 May 2019 18:49:00","http://n2t.net/ark:/65665/3d691a501-f1c3-4706-91e8-6ebc7ae4fc11"
"57846","Specimen/Lot","Types",1,"Choerops zamboangae Seale & Bean","","Choerops zamboangae Seale & Bean : Labridae : Perciformes : Actinopterygii : Chordata","Type","Seale, A. & Bean, B. A. 1907. Proceedings of the United States National Museum. 33 (1568): 236.","Perciformes","Labridae","",,"Pacific","","","","","","Philippines","","","Zamboanga, Philippines","","","Mearns, E. A.","","","","","","","","","","Illustration::1",,"","000000","","","","","","","","","13 May 2019 18:49:00","http://n2t.net/ark:/65665/3c706a4ee-ca0f-4218-818b-1e0881feb9d0"
"61154","Specimen/Lot","Types",1,"Choerops zamboangae Seale & Bean","","Choerops zamboangae Seale & Bean : Labridae : Perciformes : Actinopterygii : Chordata","Paratype","Seale, A. & Bean, B. A. 1907. Proceedings of the United States National Museum. 33 (1568): 236.","Perciformes","Labridae","",,"Pacific","","","","","","Philippines","","","Zamboanga, Philippines","","","Mearns, E. A.","","","","","","","","","",,,"","046983","","","","","","","","","13 May 2019 18:49:00","http://n2t.net/ark:/65665/314df9249-600b-42a7-a759-7b617d940ac7"
"57946","Specimen/Lot","",1,"Chrysiptera","","Chrysiptera : Pomacentridae : Perciformes : Actinopterygii : Chordata","","","Perciformes","Pomacentridae","",,"Pacific","","","","","","Philippines","","","Philippine Islands","","","Mearns, E. A.","","","","","","","","","",,,"","046983","","","","","","","","","13 May 2019 18:49:00","http://n2t.net/ark:/65665/3e5888f13-fe3f-4bef-bd95-38529d0c1e45"
"58007","Specimen/Lot","",1,"Dasyatis kuhlii","","Dasyatis kuhlii : Dasyatidae : Myliobatiformes : Chondrichthyes : Chordata","","","Myliobatiformes","Dasyatidae","",,"Pacific","","","","","","Philippines","","","Zamboanga, Philippines","","","Mearns, E. A.","","","","","","","","","","Unknown:Tank 02",,"","046985","","","","","","","","","13 May 2019 18:49:00","http://n2t.net/ark:/65665/37c3462b0-8d35-4eec-abf5-14894e084d73"
"57943","Specimen/Lot","",1,"Drombus palackyi","","Drombus palackyi : Gobiidae : Perciformes : Actinopterygii : Chordata","","","Perciformes","Gobiidae","Gobiinae",,"Pacific","","","","","","Philippines","","","Zamboanga, Philippines","","","Mearns, E. A.","","","","","","","","","",,,"","046983","","","","","","","","","13 May 2019 18:49:00","http://n2t.net/ark:/65665/382c8c18f-ad9c-455d-95ce-86912b51beb7"
"57971","Specimen/Lot","",1,"Drombus palackyi","","Drombus palackyi : Gobiidae : Perciformes : Actinopterygii : Chordata","","","Perciformes","Gobiidae","Gobiinae",,"Pacific","","","","","","Philippines","","","Zamboanga, Philippines","","","Mearns, E. A.","","","","","","","","","",,,"","046985","","","","","","","","","13 May 2019 18:49:00","http://n2t.net/ark:/65665/3482f7b4f-5412-47d2-9ed0-bfcb2fe9941e"
"57987","Specimen/Lot","",1,"Epinephelus fasciatus","","Epinephelus fasciatus : Serranidae : Perciformes : Actinopterygii : Chordata","","","Perciformes","Serranidae","Epinephelinae",,"Pacific","","","","","","Philippines","","","Zamboanga, Philippines","","","Mearns, E. A.","","","","","","","","","",,,"","046985","","","","","","","","","13 May 2019 18:49:00","http://n2t.net/ark:/65665/3b898f9af-d6aa-48e6-a082-4eb15ec1e2b7"
"57989","Specimen/Lot","",1,"Epinephelus fasciatus","","Epinephelus fasciatus : Serranidae : Perciformes : Actinopterygii : Chordata","","","Perciformes","Serranidae","Epinephelinae",,"Pacific","","","","","","Philippines","","","Zamboanga, Philippines","","","Mearns, E. A.","","","","","","","","","",,,"","046985","","","","","","","","","13 May 2019 18:49:00","http://n2t.net/ark:/65665/3d3a9b819-1fe2-4d24-8df5-0b61ab11b811"
"57992","Specimen/Lot","",1,"Epinephelus merra","","Epinephelus merra : Serranidae : Perciformes : Actinopterygii : Chordata","","","Perciformes","Serranidae","Epinephelinae",,"Pacific","","","","","","Philippines","","","Zamboanga, Philippines","","","Mearns, E. A.","","","","","","","","","",,,"","046985","","","","","","","","","13 May 2019 18:49:00","http://n2t.net/ark:/65665/3c50863cd-0815-4a3a-bfbc-d5ae734b3fba"
"57986","Specimen/Lot","",1,"Epinephelus merra","","Epinephelus merra : Serranidae : Perciformes : Actinopterygii : Chordata","","","Perciformes","Serranidae","Epinephelinae",,"Pacific","","","","","","Philippines","","","Zamboanga, Philippines","","","Mearns, E. A.","","","","","","","","","",,,"","046985","","","","","","","","","13 May 2019 18:49:00","http://n2t.net/ark:/65665/330e37db0-1b84-4852-866f-31723eb3f9da"
"57993","Specimen/Lot","",2,"Epinephelus quoyanus","Epinephelus megachir","Epinephelus quoyanus : Serranidae : Perciformes : Actinopterygii : Chordata","","","Perciformes","Serranidae","Epinephelinae",,"Pacific","","","","","","Philippines","","","Zamboanga, Philippines","","","Mearns, E. A.","","","","","","","","","",,,"","046985","","","","","","","","","13 May 2019 18:49:00","http://n2t.net/ark:/65665/3261ffab1-31bc-4d17-9c89-b48f073648f3"
"57900","Specimen/Lot","",2,"Eurypegasus draconis","","Eurypegasus draconis : Pegasidae : Gasterosteiformes : Actinopterygii : Chordata","","","Gasterosteiformes","Pegasidae","","1906","Pacific","","","","Mindanao","","Philippines","","","Philippine Islands: Zamboanga, Mindanao","","","Mearns, E. A.","","","","","","","","","",,,"","046983","","","","","","","","","13 May 2019 18:49:00","http://n2t.net/ark:/65665/30bda93fc-6077-4e11-aaec-366d310eb5f6"
"57975","Specimen/Lot","",3,"Gerres kapas","","Gerres kapas : Gerreidae : Perciformes : Actinopterygii : Chordata","","","Perciformes","Gerreidae","",,"Pacific","","","","","","Philippines","","","Zamboanga, Philippines","","","Mearns, E. A.","","","","","","","","","",,,"","046985","","","","","","","","","13 May 2019 18:49:00","http://n2t.net/ark:/65665/30d581c56-eb0f-42ee-affc-92d36ba0022c"
"58004","Specimen/Lot","",1,"Gnathanodon speciosus","","Gnathanodon speciosus : Carangidae : Perciformes : Actinopterygii : Chordata","","","Perciformes","Carangidae","",,"Pacific","","","","","","Philippines","","","Zamboanga, Philippines","","","Mearns, E. A.","","","","","","","","","","Unknown:Tank 08",,"","046985","","","","","","","","","13 May 2019 18:49:00","http://n2t.net/ark:/65665/3dd2f620f-a7fe-47b4-9df3-5f51d72e987a"
"55625","Specimen/Lot","Types",3,"Gobius calderae","","Gobius calderae : Gobiidae : Perciformes : Actinopterygii : Chordata","Type","","Perciformes","Gobiidae","Gobiinae","1904 (1904 00 00 - 0000 00 00)","Pacific","","","","Mindanao","","Philippines","","","Phiippine Islands: Zamboanga, Mindanao","","","Mearns, E. A.","","","","","","","","","","Radiograph::1; Illustration::1",,"255 004 specimens previously listed in ledger.","000000","","","","","","","","","13 May 2019 18:49:00","http://n2t.net/ark:/65665/3e90576e3-6499-4581-bf65-f58c3b2d0325"
"RAD 102388","Image","Radiograph Collection",1,"Gobius calderae","","Gobius calderae : Gobiidae : Perciformes : Actinopterygii : Chordata","","","Perciformes","Gobiidae","Gobiinae","1904 (1904 00 00 - 0000 00 00)","Pacific","","","","Mindanao","","Philippines","","","Phiippine Islands: Zamboanga, Mindanao","","","Mearns, E. A.","","Catalog Number : USNM 55625","","","","","","","","Acetate:MSC:1",,"Radiograph is of a type; The Smithsonian NMNH Division of Fishes uses the convention of maintaining the original species name for type specimens designated at the time of description. The currently accepted name for this species is Istigobius ornatus. The following radiograph lots RAD102388 and RAD109243 are of the same specimen lot, but were intentionally assigned separate object catalog numbers as they originated from different accessions.","2078776","","","","","","","","","13 May 2019 18:49:00","http://n2t.net/ark:/65665/3fa882ea3-52f9-4032-986a-d4e2aea1abed"
"RAD 109243","Image","Radiograph Collection",1,"Gobius calderae","","Gobius calderae : Gobiidae : Perciformes : Actinopterygii : Chordata","","","Perciformes","Gobiidae","Gobiinae","1904 (1904 00 00 - 0000 00 00)","Pacific","","","","Mindanao","","Philippines","","","Phiippine Islands: Zamboanga, Mindanao","","","Mearns, E. A.","","Catalog Number : USNM 55625","","","","","","","","Acetate:MSC:1; Radiograph Note Paper:MSC:0",,"Radiograph is of a type; The Smithsonian NMNH Division of Fishes uses the convention of maintaining the original species name for type specimens designated at the time of description. The currently accepted name for this species is Istigobius ornatus. The following radiograph lots RAD102388 and RAD109243 are of the same specimen lot, but were intentionally assigned separate object catalog numbers as they originated from different accessions.","2073467","","","","","","","","","13 May 2019 18:49:00","http://n2t.net/ark:/65665/366d74597-d14b-46cd-819b-ab92ff6b0de3"
"58021","Specimen/Lot","",1,"Gymnocranius grandoculis","Gymnocranius lethrinoides","Gymnocranius grandoculis : Lethrinidae : Perciformes : Actinopterygii : Chordata","","","Perciformes","Lethrinidae","",,"Pacific","","","","","","Philippines","","","Zamboanga, Philippines","","","Mearns, E. A.","","","","","","","","","",,,"","046985","","","","","","","","","13 May 2019 18:49:00","http://n2t.net/ark:/65665/31eef53e1-3d01-4c4d-bcf6-d296e41076a3"
"57994","Specimen/Lot","",1,"Gymnothorax fimbriatus","","Gymnothorax fimbriatus : Muraenidae : Anguilliformes : Actinopterygii : Chordata","","","Anguilliformes","Muraenidae","Muraeninae",,"Pacific","","","","","","Philippines","","","Zamboanga, Philippines","","","Mearns, E. A.","","","","","","","","","",,,"","046985","","","","","","","","","13 May 2019 18:49:00","http://n2t.net/ark:/65665/32d618e51-0869-4cdc-8701-1f5f918ddfdf"
"57940","Specimen/Lot","",1,"Harengula punctata","","Harengula punctata : Clupeidae : Clupeiformes : Actinopterygii : Chordata","","","Clupeiformes","Clupeidae","","21 Aug 1906 (1906 Aug 21 - 0000 00 00)","Pacific","","","","Mindanao","","Philippines","","","Zamboanga, Mindanao, Philippine Islands","","","Mearns, E. A.","","","","","","","","","",,,"","046983","","","","","","","","","13 May 2019 18:49:00","http://n2t.net/ark:/65665/346920d8a-442f-4029-85f5-847fe42be2ac"
"361956","Specimen/Lot","",1,"Hippocampus comes","","Hippocampus comes : Syngnathidae : Syngnathiformes : Actinopterygii : Chordata","","","Syngnathiformes","Syngnathidae","Hippocampinae",,"Pacific","","","","","","Philippines","","","Zamboanga, Philippines","","","Mearns, E. A.","","","","","","","","","",,,"Out of 057981. det. by s. lourie feb/2000.","046985","","","","","","","","","13 May 2019 18:49:00","http://n2t.net/ark:/65665/3b8f15a28-97f7-48b1-ac70-284f9e8a5f0d"
"57981","Specimen/Lot","",1,"Hippocampus kuda","","Hippocampus kuda : Syngnathidae : Syngnathiformes : Actinopterygii : Chordata","","","Syngnathiformes","Syngnathidae","Hippocampinae",,"Pacific","","","","","","Philippines","","","Zamboanga, Philippines","","","Mearns, E. A.","","","","","","","","","",,,"1 of original 2 spms recat. as 361956. det. by s. lourie feb/2000.","046985","","","","","","","","","13 May 2019 18:49:00","http://n2t.net/ark:/65665/39fe71ba5-88dd-4257-99d3-69d74d12c20f"
"57938","Specimen/Lot","",2,"Hypoatherina balabacensis","","Hypoatherina balabacensis : Atherinidae : Atheriniformes : Actinopterygii : Chordata","","","Atheriniformes","Atherinidae","Atherininae",,"Pacific","","","","","","Philippines","","","Zamboanga, Philippines","","","Mearns, E. A.","","","","","","","","","",,,"2 out of 134279, catalog says 4 specimens, 2 specimens remaining in jar","046983","","","","","","","","","13 May 2019 18:49:00","http://n2t.net/ark:/65665/3509105d8-0daa-4ef4-9da1-60b69ce68d5a"
"55604","Specimen/Lot","",1,"Hyporhamphus quoyi","","Hyporhamphus quoyi : Hemiramphidae : Beloniformes : Actinopterygii : Chordata","","","Beloniformes","Hemiramphidae","Hemiramphinae",,"Pacific","","","","Luzon","","Philippines","Manila","","Manila, Philippine Islands","","","Mearns, E. A.","","","","","","","","","",,,"","000000","","","","","","","","","13 May 2019 18:49:00","http://n2t.net/ark:/65665/36d826ce5-8744-46f7-a80a-695d7f7157de"
"58032","Specimen/Lot","",3,"Leptoscarus vaigiensis","Leptoscarus vaigiensis","Leptoscarus vaigiensis : Scaridae : Perciformes : Actinopterygii : Chordata","","","Perciformes","Scaridae","Sparisomatinae","Aug 1906 (1906 Aug 00 - 0000 00 00)","Pacific","","Philippine Archipelago","","","","Philippines","","","Zamboanga, Philippine Islands","","","Mearns, E. A.","","","","","","","","","",,,"","046985","","","","","","","","","13 May 2019 18:49:00","http://n2t.net/ark:/65665/3ac4bfbce-1513-4b41-947d-e883550538e9"
"58033","Specimen/Lot","",2,"Leptoscarus vaigiensis","Leptoscarus vaigiensis","Leptoscarus vaigiensis : Scaridae : Perciformes : Actinopterygii : Chordata","","","Perciformes","Scaridae","Sparisomatinae","Aug 1906 (1906 Aug 00 - 0000 00 00)","Pacific","","Philippine Archipelago","","","","Philippines","","","Zamboanga, Philippine Islands","","","Mearns, E. A.","","","","","","","","","",,,"","046985","","","","","","","","","13 May 2019 18:49:00","http://n2t.net/ark:/65665/3d082e01d-04f6-4863-8150-10ea0f4110d7"
"58020","Specimen/Lot","",3,"Lethrinus","","Lethrinus : Lethrinidae : Perciformes : Actinopterygii : Chordata","","","Perciformes","Lethrinidae","",,"Pacific","","","","","","Philippines","","","Zamboanga, Philippines","","","Mearns, E. A.","","","","","","","","","",,,"161-225 mm sl","046985","","","","","","","","","13 May 2019 18:49:00","http://n2t.net/ark:/65665/3425e00b5-447d-4056-8588-7ddd1454e1d4"
"55629","Specimen/Lot","",1,"Lethrinus","","Lethrinus : Lethrinidae : Perciformes : Actinopterygii : Chordata","","","Perciformes","Lethrinidae","",,"Pacific","","","","","","Philippines","","","Jolo, P.I.","","","Mearns, E. A.","","","","","","","","","",,,"183 mm sl","000000","","","","","","","","","13 May 2019 18:49:00","http://n2t.net/ark:/65665/3ad6a330c-9176-4519-b5cb-ebd73ddcbfed"
"55628","Specimen/Lot","",1,"Lethrinus atkinsoni","","Lethrinus atkinsoni : Lethrinidae : Perciformes : Actinopterygii : Chordata","","","Perciformes","Lethrinidae","",,"Pacific","","","","","","Philippines","","","Jolo, P.I.","","","Mearns, E. A.","","","","","","","","","",,,"Lot found in jar with 58015 but no distinction between which is which usnm #. det. by k.e. carpenter oct/1998.","000000","","","","","","","","","13 May 2019 18:49:00","http://n2t.net/ark:/65665/3fc2fc459-8543-4062-b65e-a0fb0f1e48fb"
"58015","Specimen/Lot","",2,"Lethrinus atkinsoni","","Lethrinus atkinsoni : Lethrinidae : Perciformes : Actinopterygii : Chordata","","","Perciformes","Lethrinidae","","1904 (1904 00 00 - 0000 00 00)","Pacific","","","","Mindanao","","Philippines","","","Phiippine Islands: Zamboanga, Mindanao","","","Mearns, E. A.","","","","","","","","","",,,"Lot found in jar with 55628 but no distinction between which is which usnm #. det. by k.e. carpenter oct/1998.","046985","","","","","","","","","13 May 2019 18:49:00","http://n2t.net/ark:/65665/3e6fbbafc-8080-457e-b9cd-8c53ed1c57d6"
"58018","Specimen/Lot","",2,"Lethrinus harak","","Lethrinus harak : Lethrinidae : Perciformes : Actinopterygii : Chordata","","","Perciformes","Lethrinidae","",,"Pacific","","","","","","Philippines","","","Zamboanga, Philippines","","","Mearns, E. A.","","","","","","","","","",,,"","046985","","","","","","","","","13 May 2019 18:49:00","http://n2t.net/ark:/65665/390c76981-0fec-47db-9e41-f596823a7b32"
"57960","Specimen/Lot","",1,"Lethrinus harak","","Lethrinus harak : Lethrinidae : Perciformes : Actinopterygii : Chordata","","","Perciformes","Lethrinidae","",,"Pacific","","","","","","Philippines","","","Zamboanga, Philippines","","","Mearns, E. A.","","","","","","","","","",,,"","046985","","","","","","","","","13 May 2019 18:49:00","http://n2t.net/ark:/65665/35e887190-1b7a-41f1-aa06-8806d5d3c8bc"
"58022","Specimen/Lot","",2,"Lethrinus olivaceus","","Lethrinus olivaceus : Lethrinidae : Perciformes : Actinopterygii : Chordata","","","Perciformes","Lethrinidae","","1904 (1904 00 00 - 0000 00 00)","Pacific","","","","Mindanao","","Philippines","","","Phiippine Islands: Zamboanga, Mindanao","","","Mearns, E. A.","","","","","","","","","",,,"185 and 210 mm sl. det. by k.e. carpenter oct/1998. date coll. is not definite.","046985","","","","","","","","","13 May 2019 18:49:00","http://n2t.net/ark:/65665/36459b1d0-8875-48f7-9e42-710fe8174aed"
"58017","Specimen/Lot","",1,"Lethrinus ornatus","","Lethrinus ornatus : Lethrinidae : Perciformes : Actinopterygii : Chordata","","","Perciformes","Lethrinidae","",,"Pacific","","","","","","Philippines","","","Zamboanga, Philippines","","","Mearns, E. A.","","","","","","","","","",,,"243 mm sl","046985","","","","","","","","","13 May 2019 18:49:00","http://n2t.net/ark:/65665/36940d653-57c9-4b12-801e-6777cdb2fce6"
"89264","Specimen/Lot","",1,"Lutjanus argentimaculatus","","Lutjanus argentimaculatus : Lutjanidae : Perciformes : Actinopterygii : Chordata","","","Perciformes","Lutjanidae","Lutjnaninae",,"Pacific","","","","","","Philippines","","","Zamboanga, Philippines","","","Mearns, E. A.","","","","","","","","","",,,"Tag in jar states, ""with USNM 57918.""","046983","","","","","","","","","13 May 2019 18:49:00","http://n2t.net/ark:/65665/37891a47d-88aa-46d1-b5de-62b2766e1f78"
"57956","Specimen/Lot","",3,"Lutjanus ehrenbergii","","Lutjanus ehrenbergii : Lutjanidae : Perciformes : Actinopterygii : Chordata","","","Perciformes","Lutjanidae","Lutjaninae",,"Pacific","","","","","","Philippines","","","Zamboanga, Philippines","","","Mearns, E. A.","","","","","","","","","",,,"","046985","","","","","","","","","13 May 2019 18:49:00","http://n2t.net/ark:/65665/3e68a8657-9cb4-43c6-b408-4c36151c2efb"
"57978","Specimen/Lot","",6,"Lutjanus fulviflamma","","Lutjanus fulviflamma : Lutjanidae : Perciformes : Actinopterygii : Chordata","","","Perciformes","Lutjanidae","Lutjaninae",,"Pacific","","","","","","Philippines","","","Zamboanga, Philippines","","","Mearns, E. A.","","","","","","","","","",,,"","046985","","","","","","","","","13 May 2019 18:49:00","http://n2t.net/ark:/65665/369b1529b-c64b-4784-a9ac-c8192c2c7f31"
"57902","Specimen/Lot","",4,"Lutjanus fulvus","","Lutjanus fulvus : Lutjanidae : Perciformes : Actinopterygii : Chordata","","","Perciformes","Lutjanidae","Lutjaninae",,"Pacific","","","","","","Philippines","","","Philippine Islands","","","Mearns, E. A.","","","","","","","","","",,,"","046983","","","","","","","","","13 May 2019 18:49:00","http://n2t.net/ark:/65665/3c27ad625-7333-4957-b8f6-ef1c7f2842f1"
"57957","Specimen/Lot","",2,"Lutjanus fulvus","Lutjanus vaigiensis","Lutjanus fulvus : Lutjanidae : Perciformes : Actinopterygii : Chordata","","","Perciformes","Lutjanidae","Lutjaninae",,"Pacific","","","","","","Philippines","","","Zamboanga, Philippines","","","Mearns, E. A.","","","","","","","","","",,,"","046985","","","","","","","","","13 May 2019 18:49:00","http://n2t.net/ark:/65665/338e127b1-f55e-4b01-8c54-6efff3b9eee9"
"58024","Specimen/Lot","",2,"Lutjanus gibbus","","Lutjanus gibbus : Lutjanidae : Perciformes : Actinopterygii : Chordata","","","Perciformes","Lutjanidae","Lutjaninae",,"Pacific","","","","","","Philippines","","","Zamboanga, Philippines","","","Mearns, E. A.","","","","","","","","","",,,"","046985","","","","","","","","","13 May 2019 18:49:00","http://n2t.net/ark:/65665/3ab0a7286-d59c-4e35-a6be-e7db2be63040"
"58026","Specimen/Lot","",2,"Lutjanus kasmira","","Lutjanus kasmira : Lutjanidae : Perciformes : Actinopterygii : Chordata","","","Perciformes","Lutjanidae","Lutjaninae",,"Pacific","","","","","","Philippines","","","Zamboanga, Philippines","","","Mearns, E. A.","","","","","","","","","",,,"","046985","","","","","","","","","13 May 2019 18:49:00","http://n2t.net/ark:/65665/347c5a1b7-37e9-438b-b6c7-9ff52e7a6c94"
"57904","Specimen/Lot","",2,"Lutjanus monostigma","","Lutjanus monostigma : Lutjanidae : Perciformes : Actinopterygii : Chordata","","","Perciformes","Lutjanidae","Lutjaninae",,"Pacific","","","","","","Philippines","","","Philippine Islands","","","Mearns, E. A.","","","","","","","","","",,,"","046983","","","","","","","","","13 May 2019 18:49:00","http://n2t.net/ark:/65665/36abeb455-be74-4c99-9154-99334c3e8953"
"57918","Specimen/Lot","",3,"Lutjanus rivulatus","","Lutjanus rivulatus : Lutjanidae : Perciformes : Actinopterygii : Chordata","","","Perciformes","Lutjanidae","Lutjaninae",,"Pacific","","","","","","Philippines","","","Philippine Islands","","","Mearns, E. A.","","","","","","","","","",,,"Ledger states 4 specimnes, but htere are only 3 in the jar.","046983","","","","","","","","","13 May 2019 18:49:00","http://n2t.net/ark:/65665/3fa0b3543-10ee-4151-81fa-561d669f6151"
"57955","Specimen/Lot","",4,"Lutjanus rivulatus","","Lutjanus rivulatus : Lutjanidae : Perciformes : Actinopterygii : Chordata","","","Perciformes","Lutjanidae","Lutjaninae",,"Pacific","","","","","","Philippines","","","Zamboanga, Philippines","","","Mearns, E. A.","","","","","","","","","",,,"","046985","","","","","","","","","13 May 2019 18:49:00","http://n2t.net/ark:/65665/35b43ee43-4a0b-4566-be05-649084fb61a6"
"58023","Specimen/Lot","",2,"Lutjanus rufolineatus","","Lutjanus rufolineatus : Lutjanidae : Perciformes : Actinopterygii : Chordata","","","Perciformes","Lutjanidae","Lutjaninae",,"Pacific","","","","","","Philippines","","","Zamboanga, Philippines","","","Mearns, E. A.","","","","","","","","","",,,"","046985","","","","","","","","","13 May 2019 18:49:00","http://n2t.net/ark:/65665/346e0551f-1222-434d-a9ef-3ff7fd07d65e"
"58019","Specimen/Lot","",2,"Lutjanus sebae","","Lutjanus sebae : Lutjanidae : Perciformes : Actinopterygii : Chordata","","","Perciformes","Lutjanidae","Lutjaninae",,"Pacific","","","","","","Philippines","","","Zamboanga, Philippines","","","Mearns, E. A.","","","","","","","","","",,,"","046985","","","","","","","","","13 May 2019 18:49:00","http://n2t.net/ark:/65665/38c7ae2bb-6c7b-4ea7-bacc-2112c9a70547"
"58025","Specimen/Lot","",1,"Lutjanus vitta","","Lutjanus vitta : Lutjanidae : Perciformes : Actinopterygii : Chordata","","","Perciformes","Lutjanidae","Lutjaninae",,"Pacific","","","","","","Philippines","","","Zamboanga, Philippines","","","Mearns, E. A.","","","","","","","","","",,,"","046985","","","","","","","","","13 May 2019 18:49:00","http://n2t.net/ark:/65665/3f9744176-6771-4031-93d1-d1b99b0079bd"
"55624","Specimen/Lot","Types",2,"Mapo mearnsi","","Mapo mearnsi : Gobiidae : Perciformes : Actinopterygii : Chordata","Type","","Perciformes","Gobiidae","Gobiinae","1904 (1904 00 00 - 0000 00 00)","Pacific","","","","Mindanao","","Philippines","","","Phiippine Islands: Zamboanga, Mindanao","","","Mearns, E. A.","","","","","","","","","","Illustration::1",,"255","045935","","","","","","","","","13 May 2019 18:49:00","http://n2t.net/ark:/65665/32755e4a3-7659-4fb3-b869-b99fd38c5bff"
"57841","Specimen/Lot","Types",1,"Mearnsella alestes","","Mearnsella alestes : Cyprinidae : Cypriniformes : Actinopterygii : Chordata","Type","","Cypriniformes","Cyprinidae","",,"","","","","Mindanao","Asia","Philippines","Zamboanga del Sur","","Zamboanga, P. I.","","","Mearns, E. A.","","","","","","","","","",,,"85a","000000","","","","","","","","","13 May 2019 18:49:00","http://n2t.net/ark:/65665/3a3c4e0ce-c5b2-418b-b904-9ded525b3e7b"
"61151","Specimen/Lot","Types",1,"Mearnsella alestes","","Mearnsella alestes : Cyprinidae : Cypriniformes : Actinopterygii : Chordata","Cotype","","Cypriniformes","Cyprinidae","",,"","","","","Mindanao","Asia","Philippines","Zamboanga del Sur","","Zamboanga, P. I.","","","Mearns, E. A.","","","","","","","","","",,,"","046983","","","","","","","","","13 May 2019 18:49:00","http://n2t.net/ark:/65665/328012b1d-0cd8-49ba-a1cf-b455fb770290"
"57935","Specimen/Lot","",4,"Microphis brachyurus brachyurus","Oostethus brachyurus","Microphis brachyurus brachyurus : Syngnathidae : Syngnathiformes : Actinopterygii : Chordata","","","Syngnathiformes","Syngnathidae","Syngnathinae",,"Pacific","","","","","","Philippines","","","Philippine Islands","","","Mearns, E. A.","","","","","","","","","",,,"","046983","","","","","","","","","13 May 2019 18:49:00","http://n2t.net/ark:/65665/39aeca616-65d9-48ff-97b1-d7e77c1bdc48"
"57939","Specimen/Lot","",2,"Microphis brachyurus brachyurus","Oostethus brachyurus","Microphis brachyurus brachyurus : Syngnathidae : Syngnathiformes : Actinopterygii : Chordata","","","Syngnathiformes","Syngnathidae","Syngnathinae","21 Aug 1906 (1906 Aug 21 - 0000 00 00)","Pacific","","","","Mindanao","","Philippines","","","Zamboanga, Mindanao, Philippine Islands","","","Mearns, E. A.","","","","","","","","","",,,"","046983","","","","","","","","","13 May 2019 18:49:00","http://n2t.net/ark:/65665/33c6c44d7-fa54-49c2-86f9-6553f1c383d5"
"57928","Specimen/Lot","",1,"Mugilogobius chulae","Vaimosa","Mugilogobius chulae : Gobiidae : Perciformes : Actinopterygii : Chordata","","","Perciformes","Gobiidae","Gobionellinae",,"Pacific","","","","","","Philippines","","","Philippine Islands","","","Mearns, E. A.","","","","","","","","","",,,"Redet. by h. k. larson","046983","","","","","","","","","13 May 2019 18:49:00","http://n2t.net/ark:/65665/32403961c-1e19-4ab0-aed0-842de472446f"
"58058","Specimen/Lot","",1,"Myripristis murdjan","","Myripristis murdjan : Holocentridae : Beryciformes : Actinopterygii : Chordata","","","Beryciformes","Holocentridae","Myripristinae",,"Pacific","","","","","","Philippines","","","Zamboanga, Philippines","","","Mearns, E. A.","","","","","","","","","",,,"","046985","","","","","","","","","13 May 2019 18:49:00","http://n2t.net/ark:/65665/3e9e94a05-e32f-4686-9160-89d557b45f29"
"58056","Specimen/Lot","",1,"Myripristis murdjan","","Myripristis murdjan : Holocentridae : Beryciformes : Actinopterygii : Chordata","","","Beryciformes","Holocentridae","Myripristinae",,"Pacific","","","","","","Philippines","","","Zamboanga, Philippines","","","Mearns, E. A.","","","","","","","","","",,,"","046985","","","","","","","","","13 May 2019 18:49:00","http://n2t.net/ark:/65665/3b0c3882a-41b0-4b97-972b-b4d807ae72a8"
"58001","Specimen/Lot","",1,"Naso annulatus","","Naso annulatus : Acanthuridae : Perciformes : Actinopterygii : Chordata","","","Perciformes","Acanthuridae","",,"Pacific","","","","","","Philippines","","","Zamboanga, Philippines","","","Mearns, E. A.","","","","","","","","","","Unknown:Tank 01",,"","046985","","","","","","","","","13 May 2019 18:49:00","http://n2t.net/ark:/65665/360dace05-891e-4b4d-8d10-af48b4014e0e"
"58002","Specimen/Lot","",1,"Naso lituratus","","Naso lituratus : Acanthuridae : Perciformes : Actinopterygii : Chordata","","","Perciformes","Acanthuridae","",,"Pacific","","","","","","Philippines","","","Zamboanga, Philippines","","","Mearns, E. A.","","","","","","","","","",":Tank 06",,"","046985","","","","","","","","","13 May 2019 18:49:00","http://n2t.net/ark:/65665/3df693e5a-03ef-4b6d-828e-c1da44ffc0ce"
"58009","Specimen/Lot","",1,"Naso marginatus","","Naso marginatus : Acanthuridae : Perciformes : Actinopterygii : Chordata","","","Perciformes","Acanthuridae","",,"Pacific","","","","","","Philippines","","","Zamboanga, Philippines","","","Mearns, E. A.","","","","","","","","","",":Tank 06",,"","046985","","","","","","","","","13 May 2019 18:49:00","http://n2t.net/ark:/65665/3aaf6a6fb-48c7-4790-9686-9c074c12d78c"
"58010","Specimen/Lot","",1,"Naso tuberosus","","Naso tuberosus : Acanthuridae : Perciformes : Actinopterygii : Chordata","","","Perciformes","Acanthuridae","",,"Pacific","","","","","","Philippines","","","Zamboanga, Philippines","","","Mearns, E. A.","","","","","","","","","",,,"","046985","","","","","","","","","13 May 2019 18:49:00","http://n2t.net/ark:/65665/3129d5271-b27e-4295-84c2-e6a4cec74f8b"
"RAD 112369","Image","Radiograph Collection",1,"Naso tuberosus","","Naso tuberosus : Acanthuridae : Perciformes : Actinopterygii : Chordata","","","Perciformes","Acanthuridae","",,"Pacific","","","","","","Philippines","","","Zamboanga, Philippines","","","Mearns, E. A.","","Catalog Number : USNM 58010","","","","","","","","Polyester:MSC:1",,"","2078776","","","","","","","","","13 May 2019 18:49:00","http://n2t.net/ark:/65665/324a0f6e3-1c9b-4f71-8e1e-e5c3e106639a"
"58043","Specimen/Lot","",4,"Nematalosa come","","Nematalosa come : Clupeidae : Clupeiformes : Actinopterygii : Chordata","","","Clupeiformes","Clupeidae","",,"Pacific","","","","","","Philippines","","","Zamboanga, Philippines","","","Mearns, E. A.","","","","","","","","","","Glycerin with Bone Stain::1",,"","046985","","","","","","","","","13 May 2019 18:49:00","http://n2t.net/ark:/65665/39481f542-556f-438c-8f4f-15ed04fe0f6e"
"57926","Specimen/Lot","",7,"Odontobutis obscura","","Odontobutis obscura : Odontobutidae : Perciformes : Actinopterygii : Chordata","","","Perciformes","Odontobutidae","","1907 (1907 00 00 - 0000 00 00)","","","Philippine Archipelago","","Mindanao","Asia","Philippines","","","Zamboanga, Mindanao, Philippine Islands","","","Mearns, E. A.","","","","","","","","","",,,"","046983","","","","","","","","","13 May 2019 18:49:00","http://n2t.net/ark:/65665/3d4a6b77c-ecc7-467d-b56a-c3df7f9120b9"
"57941","Specimen/Lot","",1,"Ophiocara porocephala","","Ophiocara porocephala : Eleotridae : Perciformes : Actinopterygii : Chordata","","","Perciformes","Eleotridae","Butinae",,"","","","","Mindanao","Asia","Philippines","Zamboanga del Sur","","Zamboanga, P. I.","","","Mearns, E. A.","","","","","","","","","",,,"","046983","","","","","","","","","13 May 2019 18:49:00","http://n2t.net/ark:/65665/356c0ca86-9122-4c0a-8375-ee49ee098719"
"58047","Specimen/Lot","",3,"Parupeneus multifasciatus","Parupeneus moana","Parupeneus multifasciatus : Mullidae : Perciformes : Actinopterygii : Chordata","","","Perciformes","Mullidae","",,"Pacific","","","","","","Philippines","","","Zamboanga, Philippines","","","Mearns, E. A.","","","","","","","","","",,,"","046985","","","","","","","","","13 May 2019 18:49:00","http://n2t.net/ark:/65665/3ae2fb1c7-f4f7-441a-afd9-ba315c3c920e"
"58042","Specimen/Lot","",1,"Pentapodus emeryii","","Pentapodus emeryii : Nemipteridae : Perciformes : Actinopterygii : Chordata","","","Perciformes","Nemipteridae","",,"Pacific","","","","","","Philippines","","","Zamboanga, Philippines","","","Mearns, E. A.","","","","","","","","","",,,"","046985","","","","","","","","","13 May 2019 18:49:00","http://n2t.net/ark:/65665/30fefd151-33a7-4dc5-a79b-3d49b89a3157"
"58041","Specimen/Lot","",1,"Pentapodus emeryii","","Pentapodus emeryii : Nemipteridae : Perciformes : Actinopterygii : Chordata","","","Perciformes","Nemipteridae","",,"Pacific","","","","","","Philippines","","","Zamboanga, Philippines","","","Mearns, E. A.","","","","","","","","","",,,"","046985","","","","","","","","","13 May 2019 18:49:00","http://n2t.net/ark:/65665/3d166d21f-234a-4f17-ab99-9ed11e6e79f7"
"58006","Specimen/Lot","",1,"Platax orbicularis","","Platax orbicularis : Ephippidae : Perciformes : Actinopterygii : Chordata","","","Perciformes","Ephippidae","",,"Pacific","","","","","","Philippines","","","Zamboanga, Philippines","","","Mearns, E. A.","","","","","","","","","","Unknown:Tank 01",,"","046985","","","","","","","","","13 May 2019 18:49:00","http://n2t.net/ark:/65665/3d0372d9b-d71f-4968-9bcb-a0b2eed87c00"
"57930","Specimen/Lot","",1,"Platax orbicularis","","Platax orbicularis : Ephippidae : Perciformes : Actinopterygii : Chordata","","","Perciformes","Ephippidae","",,"Pacific","","","","","","Philippines","","","Zamboanga, Philippines","","","Mearns, E. A.","","","","","","","","","",,,"Specimens x-rayed for David Johnson; Zamboanga is locality on the neck label, but this data is omitted from the ledger.","046983","","","","","","","","","13 May 2019 18:49:00","http://n2t.net/ark:/65665/305752a9c-4633-4e52-903e-9334a788192a"
"RAD 112306","Image","Radiograph Collection",1,"Platax orbicularis","","Platax orbicularis : Ephippidae : Perciformes : Actinopterygii : Chordata","","","Perciformes","Ephippidae","",,"Pacific","","","","","","Philippines","","","Zamboanga, Philippines","","","Mearns, E. A.","","Catalog Number : USNM 58006","","","","","","","","Polyester:MSC:1",,"","2078776","","","","","","","","","13 May 2019 18:49:00","http://n2t.net/ark:/65665/393f0fd7d-02a7-4853-8755-2a06b85a7d46"
"RAD 112204","Image","Radiograph Collection",1,"Platax orbicularis","","Platax orbicularis : Ephippidae : Perciformes : Actinopterygii : Chordata","","","Perciformes","Ephippidae","",,"Pacific","","","","","","Philippines","","","Zamboanga, Philippines","","","Mearns, E. A.","","Catalog Number : USNM 57930","","","","","","","","Polyester:MSC:1",,"","2078776","","","","","","","","","13 May 2019 18:49:00","http://n2t.net/ark:/65665/3ba480d33-18e7-4117-aa07-44647a893b1d"
"55599","Specimen/Lot","",1,"Platycephalus indicus","Platycephalus insidiator","Platycephalus indicus : Platycephalidae : Scorpaeniformes : Actinopterygii : Chordata","","","Scorpaeniformes","Platycephalidae","","1906 (1906 00 00 - 0000 00 00)","","","","","Luzon","Asia","Philippines","Manila","","Philippine Islands: Manila","","","Mearns, E. A.","","","","","","","","","",,,"","000000","","","","","","","","","13 May 2019 18:49:00","http://n2t.net/ark:/65665/345b343c6-1536-4016-b378-231cb70481fa"
"57916","Specimen/Lot","",1,"Plectorhinchus gibbosus","Plectorhinchus nigrus","Plectorhinchus gibbosus : Haemulidae : Perciformes : Actinopterygii : Chordata","","","Perciformes","Haemulidae","",,"Pacific","","","","","","Philippines","","","Zamboanga, Philippines","","","Mearns, E. A.","","","","","","","","","",,,"","046983","","","","","","","","","13 May 2019 18:49:00","http://n2t.net/ark:/65665/3441c2f62-7bd7-492a-88cd-dd04c3c0007a"
"55603","Specimen/Lot","",1,"Plectorhinchus gibbosus","Plectorhinchus nigrus","Plectorhinchus gibbosus : Haemulidae : Perciformes : Actinopterygii : Chordata","","","Perciformes","Haemulidae","",,"Pacific","","","","Luzon","","Philippines","Manila","","Manila, Philippine Islands","","","Mearns, E. A.","","","","","","","","","",,,"","","","","","","","","","","13 May 2019 18:49:00","http://n2t.net/ark:/65665/36c6c66cc-fe7f-4d23-acda-f9a82815878d"
"58057","Specimen/Lot","",0,"Plotosus lineatus","Plotosus anguillaris","Plotosus lineatus : Plotosidae : Siluriformes : Actinopterygii : Chordata","","","Siluriformes","Plotosidae","",,"Pacific","","","","","","Philippines","","","Zamboanga, Philippines","","","Mearns, E. A.","","","","","","","","","",,,"2 dist.; specimens could not be found on shelf 13 aug. 1991","046985","","","","","","","","","13 May 2019 18:49:00","http://n2t.net/ark:/65665/3a7f3b31f-fa4d-4418-b7e4-89bc9e419772"
"RAD 115660","Image","Radiograph Collection",2,"Plotosus lineatus","","Plotosus lineatus : Plotosidae : Siluriformes : Actinopterygii : Chordata","","","Siluriformes","Plotosidae","",,"Pacific","","","","","","Philippines","","","Zamboanga, Philippines","","","Mearns, E. A.","","Catalog Number : USNM 58057","","","","","","","","Polyester:MSC:2",,"","2078776","","","","","","","","","13 May 2019 18:49:00","http://n2t.net/ark:/65665/3ff1cae18-69d8-4ce8-92b4-f2b53f314067"
"57844","Specimen/Lot","Types",1,"Polydactylus opercularis","Polydactylus sealei; Filimanus sealei","Polydactylus opercularis : Polynemidae : Perciformes : Actinopterygii : Chordata","Holotype","Seale, A. & Bean, B. A. 1907. Proceedings of the United States National Museum. 33 (1568): 234, Fig 4. Jordan, D. S. & Richardson, R. E. 1910. Philippine Islands, Bureau of Science Publications. 16.","Perciformes","Polynemidae","",,"Pacific","","","","","","Philippines","","","Zamboanga, Philippines","","","Mearns, E. A.","","","","","","","","","","Radiograph::1",,"","000000","","","","","","","","","19 Aug 2019 19:14:00","http://n2t.net/ark:/65665/38335e2a8-df67-4fed-ab09-2bb15c71dba5"
"58048","Specimen/Lot","",2,"Polydactylus plebeius","","Polydactylus plebeius : Polynemidae : Perciformes : Actinopterygii : Chordata","","","Perciformes","Polynemidae","",,"Pacific","","","","","","Philippines","","","Zamboanga, Philippines","","","Mearns, E. A.","","","","","","","","","",,,"","046985","","","","","","","","","13 May 2019 18:49:00","http://n2t.net/ark:/65665/377ff4dbc-5db4-4b18-91c1-24c74e4c13b9"
"RAD 125898","Image","Radiograph Collection",3,"Polydactylus sealei","","Polydactylus sealei : Polynemidae : Perciformes : Actinopterygii : Chordata","","","Perciformes","Polynemidae","",,"Pacific","","","","","","Philippines","","","Zamboanga, Philippines","","","Mearns, E. A.","","Catalog Number : USNM 57844","","","","","","","","Acetate:MSC:1; Polyester:MSC:2",,"Radiograph is of a holotype specimen.","2078776","","","","","","","","","19 Aug 2019 19:21:00","http://n2t.net/ark:/65665/314cac6cb-dfcb-456c-82a3-921afac1e797"
"57999","Specimen/Lot","",1,"Pomadasys argenteus","Pristipoma hasta","Pomadasys argenteus : Haemulidae : Perciformes : Actinopterygii : Chordata","","","Perciformes","Haemulidae","",,"Pacific","","","","","","Philippines","","","Zamboanga, Philippines","","","Mearns, E. A.","","","","","","","","","","Unknown:Tank 01",,"","046985","","","","","","","","","13 May 2019 18:49:00","http://n2t.net/ark:/65665/3eee110e0-3ab5-46b3-9f04-01ebce3c31de"
"57969","Specimen/Lot","",2,"Pomadasys argenteus","Pomadasys hasta","Pomadasys argenteus : Haemulidae : Perciformes : Actinopterygii : Chordata","","","Perciformes","Haemulidae","",,"Pacific","","","","","","Philippines","","","Zamboanga, Philippines","","","Mearns, E. A.","","","","","","","","","",,,"","046985","","","","","","","","","13 May 2019 18:49:00","http://n2t.net/ark:/65665/3ddbc373c-43d5-44cd-a772-cb172f558d01"
"55601","Specimen/Lot","",1,"Pomadasys argyreus","","Pomadasys argyreus : Haemulidae : Perciformes : Actinopterygii : Chordata","","","Perciformes","Haemulidae","",,"Pacific","","","","Luzon","","Philippines","Manila","","Manila, Philippine Islands","","","Mearns, E. A.","","","","","","","","","",,,"","","","","","","","","","","13 May 2019 18:49:00","http://n2t.net/ark:/65665/31f441104-af7b-44fc-9e7f-01ae8ac42f51"
"57932","Specimen/Lot","",1,"Pomadasys kaakan","Pomadasys hasta","Pomadasys kaakan : Haemulidae : Perciformes : Actinopterygii : Chordata","","","Perciformes","Haemulidae","",,"Pacific","","","","","","Philippines","","","Philippine Islands","","","Mearns, E. A.","","","","","","","","","",,,"","046983","","","","","","","","","13 May 2019 18:49:00","http://n2t.net/ark:/65665/39efbd464-1320-4ea2-b8d4-66a67326671e"
"57961","Specimen/Lot","",40,"Priopis lungi Jordan & Seale","","Priopis lungi Jordan & Seale : Ambassidae : Perciformes : Actinopterygii : Chordata","","","Perciformes","Ambassidae","",,"","","","","Mindanao","Asia","Philippines","Zamboanga del Sur","","Zamboanga, P. I.","","","Mearns, E. A.","","","","","","","","","",,,"","046985","","","","","","","","","13 May 2019 18:49:00","http://n2t.net/ark:/65665/311881cc3-994b-4bb7-91ba-52fa727d3936"
"57905","Specimen/Lot","",70,"Priopis lungi Jordan & Seale","","Priopis lungi Jordan & Seale : Ambassidae : Perciformes : Actinopterygii : Chordata","","","Perciformes","Ambassidae","","1906","Pacific","","","","Mindanao","","Philippines","","","Philippine Islands: Zamboanga, Mindanao","","","Mearns, E. A.","","","","","","","","","",,,"","046983","","","","","","","","","13 May 2019 18:49:00","http://n2t.net/ark:/65665/372b66df4-7fc1-4cc1-8cd3-556c4611dabd"
"57908","Specimen/Lot","",3,"Priopis urotaenia","","Priopis urotaenia : Ambassidae : Perciformes : Actinopterygii : Chordata","","","Perciformes","Ambassidae","","1906","Pacific","","","","Mindanao","","Philippines","","","Philippine Islands: Zamboanga, Mindanao","","","Mearns, E. A.","","","","","","","","","",,,"","046983","","","","","","","","","13 May 2019 18:49:00","http://n2t.net/ark:/65665/3ebf6e7d4-ead6-445a-b932-9240a08d5601"
"57959","Specimen/Lot","",20,"Priopis urotaenia","","Priopis urotaenia : Ambassidae : Perciformes : Actinopterygii : Chordata","","","Perciformes","Ambassidae","",,"","","","","Mindanao","Asia","Philippines","Zamboanga del Sur","","Zamboanga, P. I.","","","Mearns, E. A.","","","","","","","","","",,,"","046985","","","","","","","","","13 May 2019 18:49:00","http://n2t.net/ark:/65665/31e3aed4d-6056-4ab0-9157-d05c6dcfc7cb"
"57931","Specimen/Lot","",81,"Priopis urotaenia","","Priopis urotaenia : Ambassidae : Perciformes : Actinopterygii : Chordata","","","Perciformes","Ambassidae","","1906","Pacific","","","","Mindanao","","Philippines","","","Philippine Islands: Zamboanga, Mindanao","","","Mearns, E. A.","","","","","","","","","",,,"","046983","","","","","","","","","13 May 2019 18:49:00","http://n2t.net/ark:/65665/34ab5c703-f97d-4b1c-8442-6948c1639bd6"
"57842","Specimen/Lot","Types",1,"Rasbora punctulatus","","Rasbora punctulatus : Cyprinidae : Cypriniformes : Actinopterygii : Chordata","Type","","Cypriniformes","Cyprinidae","",,"","","","","Mindanao","Asia","Philippines","Zamboanga del Sur","","Zamboanga, P. I.","","","Mearns, E. A.","","","","","","","","","","Radiograph::1",,"85a","000000","","","","","","","","","13 May 2019 18:49:00","http://n2t.net/ark:/65665/3b517dbf0-e5eb-4877-ad55-b74a7f50ff5b"
"61150","Specimen/Lot","Types",10,"Rasbora punctulatus","","Rasbora punctulatus : Cyprinidae : Cypriniformes : Actinopterygii : Chordata","Paratype","","Cypriniformes","Cyprinidae","","1907 (1907 00 00 - 0000 00 00)","","","Philippine Archipelago","","Mindanao","Asia","Philippines","","","Zamboanga, Mindanao, Philippine Islands","","","Mearns, E. A.","","","","","","","","","",,,"","046983","","","","","","","","","13 May 2019 18:49:00","http://n2t.net/ark:/65665/392945b2e-5809-41c8-af93-f8b395aa1d3c"
"58040","Specimen/Lot","",2,"Rastrelliger kanagurta","","Rastrelliger kanagurta : Scombridae : Perciformes : Actinopterygii : Chordata","","","Perciformes","Scombridae","Scombrinae","Aug 1906 (1906 Aug 00 - 0000 00 00)","Pacific","","Philippine Archipelago","","","","Philippines","","","Zamboanga, Philippine Islands","","","Mearns, E. A.","","","","","","","","","",,,"","046985","","","","","","","","","13 May 2019 18:49:00","http://n2t.net/ark:/65665/34f5e439a-6c79-4a22-bf0e-bc2bf3ec7745"
"RAD 108545","Image","Radiograph Collection",2,"Rhinogobius carpenteri","Rhinogobius similis","Rhinogobius carpenteri : Gobiidae : Perciformes : Actinopterygii : Chordata","","","Perciformes","Gobiidae","Gobionellinae","May 1907 (1907 May 00 - 0000 00 00)","Pacific","","","","","","Philippines","","","Philippine Islands: Luzon, Bagvio Benguet","","","Mearns, E. A.","","Catalog Number : USNM 143819","","","","","","","","Acetate:MSC:2; Radiograph Note Paper:MSC:0",,"","2073467","","","","","","","","","13 May 2019 18:49:00","http://n2t.net/ark:/65665/36758a060-e848-4f84-a337-98e3e9dab37a"
"118394","Specimen/Lot","",1,"Rhinogobius philippinus","","Rhinogobius philippinus : Gobiidae : Perciformes : Actinopterygii : Chordata","","","Perciformes","Gobiidae","Gobionellinae","1907 (1907 00 00 - 0000 00 00)","","","","","Luzon","Asia","Philippines","","","Philippines: Luzon; Trinidad River, Baguio","","","Mearns, E. A.; Carpenter","","","","","","","","","Freshwater",,,"Stanford tt 23370","158840","","","","","","","","","13 May 2019 18:49:00","http://n2t.net/ark:/65665/3bd6cb158-8e89-4243-b1c1-b7de11d1aaab"
"55623","Specimen/Lot","Types",1,"Salarias zamboangae Evermann & Seale","Istiblennius dussumieri","Salarias zamboangae Evermann & Seale : Blenniidae : Perciformes : Actinopterygii : Chordata","Holotype","Evermann, B. W. & Seale, A. 1906. Proceedings of the United States National Museum. 31 (1491): 512.","Perciformes","Blenniidae","Salariinae","1904 (1904 00 00 - 0000 00 00)","Pacific","","","","Mindanao","","Philippines","","","Phiippine Islands: Zamboanga, Mindanao","","","Mearns, E. A.","","","","","","","","","","Photograph::1; Radiograph::2",,"2 of orig. 3 specs. recat. as usnm 291687 (paratypes). drawn. probably cataloged in 1906 and collected in caldera bay. 72.2 mm tl.","045935","","","","","","","","","13 May 2019 18:49:00","http://n2t.net/ark:/65665/30f3ac5ac-5d1e-4c08-bbaf-789409ce3fe2"
"291687","Specimen/Lot","Types",2,"Salarias zamboangae Evermann & Seale","Istiblennius dussumieri","Salarias zamboangae Evermann & Seale : Blenniidae : Perciformes : Actinopterygii : Chordata","Paratype","Evermann, B. W. & Seale, A. 1906. Proceedings of the United States National Museum. 31 (1491): 512.","Perciformes","Blenniidae","Salariinae","1904 (1904 00 00 - 0000 00 00)","Pacific","","","","Mindanao","","Philippines","","","Phiippine Islands: Zamboanga, Mindanao","","","Mearns, E. A.","","","","","","","","","",,,"Removed from usnm 55623 (holotype). one of these two specs. was to go to stanford university as su 10007, the other to the u.s. bureau of fisheries as u.s.b.f. 1496. for further info., refer to p. 25 of smith. contri. zool., no. 519 (springer, williams, and orrell, 1991). probably cataloged in 1906 and collected in caldera bay.","045935","","","","","","","","","13 May 2019 18:49:00","http://n2t.net/ark:/65665/3fc56844f-4951-4961-937c-87831765bd07"
"RAD 102494","Image","Radiograph Collection",1,"Salarias zamboangae Evermann & Seale","","Salarias zamboangae Evermann & Seale : Blenniidae : Perciformes : Actinopterygii : Chordata","","","Perciformes","Blenniidae","Salariinae","1904 (1904 00 00 - 0000 00 00)","Pacific","","","","Mindanao","","Philippines","","","Phiippine Islands: Zamboanga, Mindanao","","","Mearns, E. A.","","Catalog Number : USNM 55623","","","","","","","","Polyester:MSC:1",,"Radiograph is of a holotype; The Smithsonian NMNH Division of Fishes uses the convention of maintaining the original species name for type specimens designated at the time of description. The currently accepted name for this species is Istiblennius dussumieri. The following RAD numbers appear to be from the same lot, but were inadvertently assigned separate object catalog numbers: RAD102860, RAD102494. Therefore, we are cross referencing these RAD numbers.","2078776","","","","","","","","","13 May 2019 18:49:00","http://n2t.net/ark:/65665/358eefa61-50b7-4af3-8882-a7f8d6a50c4e"
"RAD 102860","Image","Radiograph Collection",1,"Salarias zamboangae Evermann & Seale","","Salarias zamboangae Evermann & Seale : Blenniidae : Perciformes : Actinopterygii : Chordata","","","Perciformes","Blenniidae","Salariinae","1904 (1904 00 00 - 0000 00 00)","Pacific","","","","Mindanao","","Philippines","","","Phiippine Islands: Zamboanga, Mindanao","","","Mearns, E. A.","","Catalog Number : USNM 55623","","","","","","","","Polyester:MSC:1",,"Radiograph is of a holotype; The Smithsonian NMNH Division of Fishes uses the convention of maintaining the original species name for type specimens designated at the time of description. The currently accepted name for this species is Istiblennius dussumieri. The following RAD numbers appear to be from the same lot, but were inadvertently assigned separate object catalog numbers: RAD102860, RAD102494. Therefore, we are cross referencing these RAD numbers.","2078776","","","","","","","","","13 May 2019 18:49:00","http://n2t.net/ark:/65665/3388e9ea7-9ffb-4d3e-b36a-77eff037caad"
"58045","Specimen/Lot","",4,"Sardinella hualiensis","Sardinella atricauda","Sardinella hualiensis : Clupeidae : Clupeiformes : Actinopterygii : Chordata","","","Clupeiformes","Clupeidae","","Aug 1906 (1906 Aug 00 - 0000 00 00)","Pacific","","Philippine Archipelago","","","","Philippines","","","Zamboanga, Philippine Islands","","","Mearns, E. A.","","","","","","","","","",,,"","046985","","","","","","","","","13 May 2019 18:49:00","http://n2t.net/ark:/65665/33e5b4b3b-bdda-4b66-a672-96d1b6ae8207"
"58055","Specimen/Lot","",3,"Sargocentron rubrum","","Sargocentron rubrum : Holocentridae : Beryciformes : Actinopterygii : Chordata","","","Beryciformes","Holocentridae","Holocentrinae",,"Pacific","","","","","","Philippines","","","Zamboanga, Philippines","","","Mearns, E. A.","","","","","","","","","",,,"","046985","","","","","","","","","13 May 2019 18:49:00","http://n2t.net/ark:/65665/38f31feed-8c98-4962-a42a-c4a2f734e15a"
"58054","Specimen/Lot","",1,"Sargocentron spiniferum","","Sargocentron spiniferum : Holocentridae : Beryciformes : Actinopterygii : Chordata","","","Beryciformes","Holocentridae","Holocentrinae",,"Pacific","","","","","","Philippines","","","Zamboanga, Philippines","","","Mearns, E. A.","","","","","","","","","",,,"","046985","","","","","","","","","13 May 2019 18:49:00","http://n2t.net/ark:/65665/3662233ec-cc00-4fc2-ad8a-c81e89831e9c"
"58029","Specimen/Lot","",2,"Scarus niger","","Scarus niger : Scaridae : Perciformes : Actinopterygii : Chordata","","","Perciformes","Scaridae","Scarinae","Aug 1906 (1906 Aug 00 - 0000 00 00)","Pacific","","Philippine Archipelago","","","","Philippines","","","Zamboanga, Philippine Islands","","","Mearns, E. A.","","","","","","","","","",,,"","","","","","","","","","","13 May 2019 18:49:00","http://n2t.net/ark:/65665/31954782f-eba0-4852-aef7-569a44bab852"
"58028","Specimen/Lot","",1,"Scarus rivulatus","","Scarus rivulatus : Scaridae : Perciformes : Actinopterygii : Chordata","","","Perciformes","Scaridae","Scarinae","Aug 1906 (1906 Aug 00 - 0000 00 00)","Pacific","","Philippine Archipelago","","","","Philippines","","","Zamboanga, Philippine Islands","","","Mearns, E. A.","","","","","","","","","",,,"","","","","","","","","","","13 May 2019 18:49:00","http://n2t.net/ark:/65665/3027ed5b5-872e-4792-ba1e-97ceefb18bb0"
"61158","Specimen/Lot","",3,"Scatophagus argus","","Scatophagus argus : Scatophagidae : Perciformes : Actinopterygii : Chordata","","","Perciformes","Scatophagidae","","21 Aug 1906 (1906 Aug 21 - 0000 00 00)","Pacific","","","","Mindanao","","Philippines","","","Zamboanga, Mindanao, Philippine Islands","","","Mearns, E. A.","","","","","","","","","","Radiograph::1",,"","046983","","","","","","","","","13 May 2019 18:49:00","http://n2t.net/ark:/65665/3c3414544-8c5d-447f-841d-ded6d28b0707"
"57925","Specimen/Lot","",1,"Scatophagus argus","","Scatophagus argus : Scatophagidae : Perciformes : Actinopterygii : Chordata","","","Perciformes","Scatophagidae","",,"Pacific","","","","","","Philippines","","","Zamboanga, Philippines","","","Mearns, E. A.","","","","","","","","","",,,"","046983","","","","","","","","","13 May 2019 18:49:00","http://n2t.net/ark:/65665/35fd4299a-4cd5-483c-b1ea-6bc3983131a3"
"57977","Specimen/Lot","",7,"Scolopsis lineata","","Scolopsis lineata : Nemipteridae : Perciformes : Actinopterygii : Chordata","","","Perciformes","Nemipteridae","",,"Pacific","","","","","","Philippines","","","Zamboanga, Philippines","","","Mearns, E. A.","","","","","","","","","",,,"","046985","","","","","","","","","13 May 2019 18:49:00","http://n2t.net/ark:/65665/3febb52d7-290a-4dbd-9467-3f98f334d0fe"
"58037","Specimen/Lot","",1,"Scolopsis monogramma","","Scolopsis monogramma : Nemipteridae : Perciformes : Actinopterygii : Chordata","","","Perciformes","Nemipteridae","",,"Pacific","","","","","","Philippines","","","Zamboanga, Philippines","","","Mearns, E. A.","","","","","","","","","",,,"Original tag illegible","046985","","","","","","","","","13 May 2019 18:49:00","http://n2t.net/ark:/65665/3a78c2c46-96bb-4a12-89bd-9370192439cd"
"58000","Specimen/Lot","",1,"Scomberoides tala","","Scomberoides tala : Carangidae : Perciformes : Actinopterygii : Chordata","","","Perciformes","Carangidae","",,"Pacific","","","","","","Philippines","","","Zamboanga, Philippines","","","Mearns, E. A.","","","","","","","","","","Unknown:Tank 04",,"","046985","","","","","","","","","13 May 2019 18:49:00","http://n2t.net/ark:/65665/3c6673b68-f6e7-4816-a5cf-09427ffd5e05"
"58050","Specimen/Lot","",2,"Siganus argenteus","","Siganus argenteus : Siganidae : Perciformes : Actinopterygii : Chordata","","","Perciformes","Siganidae","","1906","Pacific","","","","Mindanao","","Philippines","","","Philippine Islands: Zamboanga, Mindanao","","","Mearns, E. A.","","","","","","","","","",,,"","046985","","","","","","","","","13 May 2019 18:49:00","http://n2t.net/ark:/65665/343f0d824-09eb-400b-a039-2c8b39d34960"
"58053","Specimen/Lot","",2,"Siganus guttatus","","Siganus guttatus : Siganidae : Perciformes : Actinopterygii : Chordata","","","Perciformes","Siganidae","",,"Pacific","","","","","","Philippines","","","Zamboanga, Philippines","","","Mearns, E. A.","","","","","","","","","",,,"","046985","","","","","","","","","13 May 2019 18:49:00","http://n2t.net/ark:/65665/36338d099-81ed-4c37-bd9d-4e87c2e92322"
"57952","Specimen/Lot","",336,"Siganus spinus","","Siganus spinus : Siganidae : Perciformes : Actinopterygii : Chordata","","","Perciformes","Siganidae","",,"Pacific","","","","","","Philippines","","","Zamboanga, Philippines","","","Mearns, E. A.","","","","","","","","","",,,"","046985","","","","","","","","","13 May 2019 18:49:00","http://n2t.net/ark:/65665/349afe5ea-3fdc-4411-9c33-efcb2f579638"
"58052","Specimen/Lot","",2,"Siganus virgatus","","Siganus virgatus : Siganidae : Perciformes : Actinopterygii : Chordata","","","Perciformes","Siganidae","",,"Pacific","","","","","","Philippines","","","Zamboanga, Philippines","","","Mearns, E. A.","","","","","","","","","",,,"","046985","","","","","","","","","13 May 2019 18:49:00","http://n2t.net/ark:/65665/33d39f9cc-a6ea-48d7-8789-e5b9dcd52e30"
"58031","Specimen/Lot","",1,"Sparisoma cretense","","Sparisoma cretense : Scaridae : Perciformes : Actinopterygii : Chordata","","","Perciformes","Scaridae","Sparisomatinae",,"","","","","Mindanao","Asia","Philippines","Zamboanga del Sur","","Zamboanga, P. I.","","","Mearns, E. A.","","","","","","","","","",,,"","046985","","","","","","","","","13 May 2019 18:49:00","http://n2t.net/ark:/65665/30ef8a111-38db-4913-b334-1683b4a2d3a5"
"57954","Specimen/Lot","",1,"Sphaeramia orbicularis","","Sphaeramia orbicularis : Apogonidae : Perciformes : Actinopterygii : Chordata","","","Perciformes","Apogonidae","Apogoninae",,"Pacific","","","","","","Philippines","","","Zamboanga, Philippines","","","Mearns, E. A.","","","","","","","","","","Radiograph::1",,"","046985","","","","","","","","","13 May 2019 18:49:00","http://n2t.net/ark:/65665/321d1bd5c-60ee-4e99-996f-42388a54d9ec"
"RAD 105107","Image","Radiograph Collection",1,"Sphaeramia orbicularis","","Sphaeramia orbicularis : Apogonidae : Perciformes : Actinopterygii : Chordata","","","Perciformes","Apogonidae","Apogoninae",,"Pacific","","","","","","Philippines","","","Zamboanga, Philippines","","","Mearns, E. A.","","Catalog Number : USNM 57954","","","","","","","","Polyester:MSC:1",,"","2078776","","","","","","","","","13 May 2019 18:49:00","http://n2t.net/ark:/65665/347e3501c-4ebb-4b5b-996b-ba45507f04c8"
"57906","Specimen/Lot","",2,"Strongylura urvillii","","Strongylura urvillii : Belonidae : Beloniformes : Actinopterygii : Chordata","","","Beloniformes","Belonidae","",,"Pacific","","","","","","Philippines","","","Philippine Islands","","","Mearns, E. A.","","","","","","","","","",,,"","046983","","","","","","","","","13 May 2019 18:49:00","http://n2t.net/ark:/65665/3c1b693f2-539e-4348-88f0-81b760ea087a"
"57949","Specimen/Lot","",2,"Strongylura urvillii","","Strongylura urvillii : Belonidae : Beloniformes : Actinopterygii : Chordata","","","Beloniformes","Belonidae","",,"Pacific","","","","","","Philippines","","","Zamboanga, Philippines","","","Mearns, E. A.","","","","","","","","","",,,"","046983","","","","","","","","","13 May 2019 18:49:00","http://n2t.net/ark:/65665/3258783ae-1acb-4e3f-b39f-bb399bd52a9d"
"57910","Specimen/Lot","",1,"Syngnathoides biaculeatus","","Syngnathoides biaculeatus : Syngnathidae : Syngnathiformes : Actinopterygii : Chordata","","","Syngnathiformes","Syngnathidae","Syngnathinae",,"Pacific","","","","","","Philippines","","","Zamboanga, Philippines","","","Mearns, E. A.","","","","","","","","","",,,"","046983","","","","","","","","","13 May 2019 18:49:00","http://n2t.net/ark:/65665/324d67860-2d59-4b17-aed1-7bb514e192aa"
"57919","Specimen/Lot","",1,"Syngnathus schlegeli","","Syngnathus schlegeli : Syngnathidae : Syngnathiformes : Actinopterygii : Chordata","","","Syngnathiformes","Syngnathidae","Syngnathinae",,"Pacific","","","","","","Philippines","","","Zamboanga, Philippines","","","Mearns, E. A.","","","","","","","","","",,,"","046983","","","","","","","","","13 May 2019 18:49:00","http://n2t.net/ark:/65665/3a01c7c56-e6b0-461e-89cd-f6a90195335e"
"58008","Specimen/Lot","",1,"Taeniura lymma","","Taeniura lymma : Dasyatidae : Myliobatiformes : Chondrichthyes : Chordata","","","Myliobatiformes","Dasyatidae","",,"Pacific","","","","","","Philippines","","","Zamboanga, Philippines","","","Mearns, E. A.","","","","","","","","","","Unknown:Tank 02",,"","046985","","","","","","","","","13 May 2019 18:49:00","http://n2t.net/ark:/65665/315240178-2de2-4b79-a3a6-95c1d7b84aeb"
"57976","Specimen/Lot","",9,"Terapon jarbua","","Terapon jarbua : Terapontidae : Perciformes : Actinopterygii : Chordata","","","Perciformes","Terapontidae","",,"","","","","Mindanao","Asia","Philippines","Zamboanga del Sur","","Zamboanga, P. I.","","","Mearns, E. A.","","","","","","","","","",,,"Cat. states 2 specimens, counted 2 large and 7 small (which were probably overlooked due to their size)= tot 9 specimens","046985","","","","","","","","","13 May 2019 18:49:00","http://n2t.net/ark:/65665/315ae74bb-ccf8-4a36-bd6e-2ea7d4d5d7e1"
"55605","Specimen/Lot","",3,"Terapon jarbua","","Terapon jarbua : Terapontidae : Perciformes : Actinopterygii : Chordata","","","Perciformes","Terapontidae","","1906 (1906 00 00 - 0000 00 00)","","","","","Luzon","Asia","Philippines","Manila","","Philippine Islands: Manila","","","Mearns, E. A.","","","","","","","","","",,,"","000000","","","","","","","","","13 May 2019 18:49:00","http://n2t.net/ark:/65665/3575ac0c8-dcd0-488e-8386-a52c2625e528"
"57934","Specimen/Lot","",1,"Terapon jarbua","","Terapon jarbua : Terapontidae : Perciformes : Actinopterygii : Chordata","","","Perciformes","Terapontidae","","1906","Pacific","","","","Mindanao","","Philippines","","","Philippine Islands: Zamboanga, Mindanao","","","Mearns, E. A.","","","","","","","","","",,,"","046983","","","","","","","","","13 May 2019 18:49:00","http://n2t.net/ark:/65665/36228530e-83e6-42cc-8517-77dd2d8d00bb"
"57933","Specimen/Lot","",4,"Terapon jarbua","","Terapon jarbua : Terapontidae : Perciformes : Actinopterygii : Chordata","","","Perciformes","Terapontidae","",,"","","","","Mindanao","Asia","Philippines","Zamboanga del Sur","","Zamboanga, P. I.","","","Mearns, E. A.","","","","","","","","","",,,"","046983","","","","","","","","","13 May 2019 18:49:00","http://n2t.net/ark:/65665/3b5ebb073-ede7-456e-a900-e22920bc40bb"
"57920","Specimen/Lot","",1,"Terapon theraps","","Terapon theraps : Terapontidae : Perciformes : Actinopterygii : Chordata","","","Perciformes","Terapontidae","",,"","","","","Mindanao","Asia","Philippines","Zamboanga del Sur","","Zamboanga, P. I.","","","Mearns, E. A.","","","","","","","","","",,,"","046983","","","","","","","","","13 May 2019 18:49:00","http://n2t.net/ark:/65665/3ca7154c6-fbeb-47a0-b8e2-df23f814d074"
"230072","Specimen/Lot","",1,"Thrissina encrasicholoides","","Thrissina encrasicholoides : Engraulidae : Clupeiformes : Actinopterygii : Chordata","","","Clupeiformes","Engraulidae","",,"Pacific","","","","","","Philippines","","","Philippine Islands","","","Mearns, E. A.","","","","","","","","","",,,"Out of usnm 57915","046983","","","","","","","","","13 May 2019 18:49:00","http://n2t.net/ark:/65665/329af6fa9-b692-429c-a3fd-3d7a57a6358c"
"57953","Specimen/Lot","",2,"Thryssa baelama","","Thryssa baelama : Engraulidae : Clupeiformes : Actinopterygii : Chordata","","","Clupeiformes","Engraulidae","",,"","","","","Mindanao","Asia","Philippines","Zamboanga del Sur","","Zamboanga, P. I.","","","Mearns, E. A.","","","","","","","","","",,,"","046985","","","","","","","","","13 May 2019 18:49:00","http://n2t.net/ark:/65665/36dfeb3fe-a594-4401-b2a3-7fa3b586cef2"
"57915","Specimen/Lot","",25,"Thryssa baelama","","Thryssa baelama : Engraulidae : Clupeiformes : Actinopterygii : Chordata","","","Clupeiformes","Engraulidae","",,"","","","","Mindanao","Asia","Philippines","Zamboanga del Sur","","Zamboanga, P. I.","","","Mearns, E. A.","","","","","","","","","",,,"","046983","","","","","","","","","13 May 2019 18:49:00","http://n2t.net/ark:/65665/39cb3672f-ca60-4e48-b256-2c668d20b021"
"57983","Specimen/Lot","",2,"Toxotes jaculator","","Toxotes jaculator : Toxotidae : Perciformes : Actinopterygii : Chordata","","","Perciformes","Toxotidae","",,"Pacific","","","","","","Philippines","","","Zamboanga, Philippines","","","Mearns, E. A.","","","","","","","","","",,,"","046985","","","","","","","","","13 May 2019 18:49:00","http://n2t.net/ark:/65665/3af769371-7b54-4796-a05a-185ed2f7512d"
"143819","Specimen/Lot","",44,"Tukugobius carpenteri","Rhinogobius similis","Tukugobius carpenteri : Gobiidae : Perciformes : Actinopterygii : Chordata","","","Perciformes","Gobiidae","Gobionellinae","May 1907 (1907 May 00 - 0000 00 00)","Pacific","","","","","","Philippines","","","Philippine Islands: Luzon, Bagvio Benguet","","","Mearns, E. A.","","","","","","","","","","Glycerin with Bone Stain::2; Scanning Electron Microphotograph::2",,"Ledger states 93 spms but there are only 2 c + s and 38 etoh located in collection plus 4 on loan leaving 49 spms unaccounted for as of may/1998. sem - box 1, stub 9 = right lower pharyngeal jaw of 53.9 mm sl male. sem - box 1, stub 10 = right lower pharyngeal jaw (right over left) of 46.2 mm sl female.","047782","","","","","","","","","13 May 2019 18:49:00","http://n2t.net/ark:/65665/3c0a78d3d-a614-4456-bf47-acc75492d80d"
"57948","Specimen/Lot","",1,"Tylosurus crocodilus crocodilus","Strongylura indica","Tylosurus crocodilus crocodilus : Belonidae : Beloniformes : Actinopterygii : Chordata","","","Beloniformes","Belonidae","","21 Aug 1906 (1906 Aug 21 - 0000 00 00)","Pacific","","","","Mindanao","","Philippines","","","Zamboanga, Mindanao, Philippine Islands","","","Mearns, E. A.","","","","","","","","","",,,"","046985","","","","","","","","","13 May 2019 18:49:00","http://n2t.net/ark:/65665/3845de652-cad7-4263-845e-245c95e16c7d"
"89593","Specimen/Lot","",1,"Upeneus sulphureus","","Upeneus sulphureus : Mullidae : Perciformes : Actinopterygii : Chordata","","","Perciformes","Mullidae","",,"Pacific","","","","","","Philippines","","","Zamboanga, Philippines","","","Mearns, E. A.","","","","","","","","","",,,"","","","","","","","","","","13 May 2019 18:49:00","http://n2t.net/ark:/65665/3270069b9-ceac-47a5-b475-d742d0969a2d"
"RAD 111129","Image","Radiograph Collection",1,"Upeneus sulphureus","","Upeneus sulphureus : Mullidae : Perciformes : Actinopterygii : Chordata","","","Perciformes","Mullidae","",,"Pacific","","","","","","Philippines","","","Zamboanga, Philippines","","","Mearns, E. A.","","Catalog Number : USNM 89593","","","","","","","","Polyester:MSC:1",,"","2078776","","","","","","","","","13 May 2019 18:49:00","http://n2t.net/ark:/65665/3d3d21f27-d0af-40f6-b336-9002b0484515"
"57922","Specimen/Lot","",1,"Upeneus vittatus","","Upeneus vittatus : Mullidae : Perciformes : Actinopterygii : Chordata","","","Perciformes","Mullidae","",,"Pacific","","","","","","Philippines","","","Zamboanga, Philippines","","","Mearns, E. A.","","","","","","","","","",,,"","046983","","","","","","","","","13 May 2019 18:49:00","http://n2t.net/ark:/65665/3152e4b87-6574-4673-b5b6-dab998bc2c0e"
"58046","Specimen/Lot","",2,"Upeneus vittatus","","Upeneus vittatus : Mullidae : Perciformes : Actinopterygii : Chordata","","","Perciformes","Mullidae","",,"Pacific","","","","","","Philippines","","","Zamboanga, Philippines","","","Mearns, E. A.","","","","","","","","","",,,"","046985","","","","","","","","","13 May 2019 18:49:00","http://n2t.net/ark:/65665/3395018e6-491a-48eb-8343-c921d2acb1b8"
"57909","Specimen/Lot","",1,"Zenarchopterus dispar","","Zenarchopterus dispar : Hemiramphidae : Beloniformes : Actinopterygii : Chordata","","","Beloniformes","Hemiramphidae","Zenarchopterinae",,"Pacific","","","","","","Philippines","","","Philippine Islands","","","Mearns, E. A.","","","","","","","","","",,,"","046983","","","","","","","","","13 May 2019 18:49:00","http://n2t.net/ark:/65665/301937980-3dc0-487c-b9d7-3cc690df7894"
"57947","Specimen/Lot","",6,"Zenarchopterus philippinus","","Zenarchopterus philippinus : Hemiramphidae : Beloniformes : Actinopterygii : Chordata","","","Beloniformes","Hemiramphidae","Zenarchopterinae",,"Pacific","","","","","","Philippines","","","Zamboanga, Philippines","","","Mearns, E. A.","","","","","","","","","",,,"","046983","","","","","","","","","09 Jul 2019 18:48:00","http://n2t.net/ark:/65665/310ad9007-6f40-4a83-9de5-39dd1b16c152"
"RAD 126723","Image","Radiograph Collection",1,"Zenarchopterus philippinus","","Zenarchopterus philippinus : Hemiramphidae : Beloniformes : Actinopterygii : Chordata","","","Beloniformes","Hemiramphidae","Zenarchopterinae",,"Pacific","","","","","","Philippines","","","Zamboanga, Philippines","","","Mearns, E. A.","","Catalog Number : USNM 57947","","","","","","","","Polyester:MSC:1",,"","2059460","","","","","","","","","09 Jul 2019 17:34:00","http://n2t.net/ark:/65665/338a24118-cb3d-4681-9dd2-6d0b34b08bd9"
